trajectory,angular_velocity_deg_s,sigma_deg,orientation_delay_ms,angular_velocity_delay_deg,pair_count,tir_improvement_db_mean,tir_improvement_db_sd,tir_improvement_db_median,tir_loss_vs_zero_delay_db_mean,tir_loss_vs_zero_delay_db_sd,tir_loss_vs_zero_delay_db_median,si_sdr_improvement_db_mean,si_sdr_improvement_db_sd,si_sdr_improvement_db_median,si_sdr_loss_vs_zero_delay_db_mean,si_sdr_loss_vs_zero_delay_db_sd,si_sdr_loss_vs_zero_delay_db_median,gain_error_rms_db_mean,gain_error_rms_db_sd,gain_error_rms_db_median,gain_error_peak_abs_db_mean,gain_error_peak_abs_db_sd,gain_error_peak_abs_db_median,transition_time_ms_mean,transition_time_ms_sd,transition_time_ms_median,transition_delay_vs_zero_ms_mean,transition_delay_vs_zero_ms_sd,transition_delay_vs_zero_ms_median
120_deg_s,120.0,10.0,0.0,0.0,100,9.360567437327953,0.6467952475059723,9.541432799269192,0.0,0.0,0.0,9.36401643669565,0.6612914316075605,9.516389114547277,0.0,0.0,0.0,0.0,0.0,0.0,0.0,0.0,0.0,139.99999999999991,0.0,139.99999999999991,0.0,0.0,0.0
120_deg_s,120.0,10.0,20.0,2.4,100,9.242352723170306,0.7314261911942901,9.428091043167827,-0.1182147141576466,0.10500561870756986,-0.0786198588612308,9.245871868056302,0.7454419712650263,9.416053152565926,-0.11814456863934815,0.10561110527343087,-0.07827116747453111,0.3079469913497369,0.0,0.3079469913497369,2.0063765471175117,0.0,2.0063765471175117,159.99999999999991,0.0,159.99999999999991,20.0,0.0,20.0
120_deg_s,120.0,10.0,40.0,4.8,100,9.108539177744817,0.811101186529894,9.292003675960718,-0.252028259583136,0.212901461337617,-0.18245722907041628,9.111957357594966,0.8253625932042634,9.258035863427363,-0.2520590791006851,0.21393816809894478,-0.17971609859884374,0.6063370543890464,0.0,0.6063370543890464,3.8899064530264087,0.0,3.8899064530264087,179.99999999999994,0.0,179.99999999999994,40.00000000000003,0.0,40.00000000000003
120_deg_s,120.0,10.0,80.0,9.6,100,8.692500140861425,0.995252342088947,8.90455744381913,-0.668067296466529,0.4880270490219968,-0.5452821121383797,8.695417354979229,1.0111667200920695,8.896528776937982,-0.6685990817164201,0.48872817962168336,-0.5412051855381552,1.1464441821100464,0.0,1.1464441821100464,6.920818694133757,0.0,6.920818694133757,219.99999999999997,0.0,219.99999999999997,80.00000000000006,0.0,80.00000000000006
120_deg_s,120.0,10.0,120.0,14.4,100,7.842023060619817,1.3529638045263281,8.081329702745663,-1.5185443767081355,0.9813995865179405,-1.3256835844211077,7.8451901135498066,1.3726694799491361,8.048834113961377,-1.5188263231458436,0.9788278465340599,-1.3551980829932257,1.594672936712172,0.0,1.594672936712172,8.75384374572153,0.0,8.75384374572153,260.0,0.0,260.0,120.00000000000009,0.0,120.00000000000009
120_deg_s,120.0,10.0,160.0,19.2,100,6.629962519891767,1.8771473736167805,6.960302866257981,-2.730604917436186,1.5937617230909005,-2.4346337395782576,6.6340664986269235,1.9009324786098898,6.894961550356789,-2.7299499380687267,1.5863242305793996,-2.4710788686081147,1.963534621017979,0.0,1.963534621017979,9.607497582194215,0.0,9.607497582194215,300.00000000000006,0.0,300.00000000000006,160.00000000000014,0.0,160.00000000000014
120_deg_s,120.0,10.0,200.0,24.0,100,5.464479107568655,2.3099287425559702,5.657419532457496,-3.8960883297592974,2.05703812252061,-3.7001436321418386,5.4684543821800204,2.340790345821364,5.716495416255563,-3.8955620545156298,2.0476235010212718,-3.7061093607856197,2.2765701197172654,0.0,2.2765701197172654,9.907971372999295,0.0,9.907971372999295,340.00000000000006,0.0,340.00000000000006,200.00000000000014,0.0,200.00000000000014
120_deg_s,120.0,20.0,0.0,0.0,100,9.30395130168038,0.4279147428436979,9.397067421964891,0.0,0.0,0.0,9.307050958075502,0.465854216865917,9.334077421542258,0.0,0.0,0.0,0.0,0.0,0.0,0.0,0.0,0.0,120.00000000000011,0.0,120.00000000000011,0.0,0.0,0.0
120_deg_s,120.0,20.0,20.0,2.4,100,9.072425428789625,0.5626017878401136,9.19370423906211,-0.23152587289075366,0.14787008499487186,-0.1882257410044943,9.07530431219373,0.5952437852169454,9.125856103125873,-0.23174664588177205,0.14841491617816652,-0.18682197718255944,0.2432620650077159,0.0,0.2432620650077159,1.285529951268873,0.0,1.285529951268873,139.99999999999991,0.0,139.99999999999991,19.9999999999998,0.0,19.9999999999998
120_deg_s,120.0,20.0,40.0,4.8,100,8.77416904762318,0.7266583646548382,8.9278988806822,-0.5297822540571979,0.33056147958278853,-0.4243781005643008,8.776762307289712,0.7574984072550263,8.88117624113481,-0.5302886507857912,0.3315005006808435,-0.41787021732336527,0.48326841604037335,0.0,0.48326841604037335,2.53584415834515,0.0,2.53584415834515,159.99999999999991,0.0,159.99999999999991,39.9999999999998,0.0,39.9999999999998
120_deg_s,120.0,20.0,80.0,9.6,100,7.9526624580638945,1.1504326603489448,8.275621409491428,-1.3512888436164847,0.7947048481529877,-1.1373147556172967,7.954388020815564,1.1821464232114094,8.216980141497608,-1.352662937259938,0.796042127289049,-1.1287271610740124,0.9421584068361265,0.0,0.9421584068361265,4.807512249568463,0.0,4.807512249568463,199.99999999999994,0.0,199.99999999999994,79.99999999999983,0.0,79.99999999999983
120_deg_s,120.0,20.0,120.0,14.4,100,6.919496963994253,1.617580299321095,7.324713537431298,-2.3844543376861265,1.291533896233697,-2.121749130550839,6.920259735962046,1.6518921317497173,7.276734380617787,-2.386791222113456,1.292921234293557,-2.119362188387602,1.360002916207918,0.0,1.360002916207918,6.633434816754375,0.0,6.633434816754375,240.0,0.0,240.0,119.99999999999989,0.0,119.99999999999989
120_deg_s,120.0,20.0,160.0,19.2,100,5.861257410024852,2.005199880366929,6.117129885698204,-3.442693891655528,1.699938951192035,-3.335634607388938,5.861607615728562,2.0423904551985568,6.136632171195215,-3.4454433423469406,1.700770689277238,-3.3361145138700694,1.7310001781457538,0.0,1.7310001781457538,7.953862615169945,0.0,7.953862615169945,280.0,0.0,280.0,159.9999999999999,0.0,159.9999999999999
120_deg_s,120.0,20.0,200.0,24.0,100,4.86463718755046,2.27229733885441,4.849532329512761,-4.439314114129919,1.985910141496086,-4.384459793304595,4.864726618193938,2.3120105199912224,4.89998885785536,-4.442324339881565,1.9860012565398395,-4.382651047799972,2.0580647955705795,0.0,2.0580647955705795,8.815821538035328,0.0,8.815821538035328,320.00000000000006,0.0,320.00000000000006,199.99999999999994,0.0,199.99999999999994
120_deg_s,120.0,30.0,0.0,0.0,100,7.927790056164104,0.46472813186097095,8.024116738683222,0.0,0.0,0.0,7.930383631971904,0.5137274397432154,8.017306516600167,0.0,0.0,0.0,0.0,0.0,0.0,0.0,0.0,0.0,129.9999999999999,0.0,129.9999999999999,0.0,0.0,0.0
120_deg_s,120.0,30.0,20.0,2.4,100,7.657715190324862,0.6196711609308322,7.787421616269861,-0.2700748658392421,0.1567585865381954,-0.23664738956285403,7.659953049696127,0.6617343712134016,7.753286462531606,-0.2704305822757774,0.15708856546943548,-0.23564534692092942,0.19257362152060647,0.0,0.19257362152060647,0.9071270202208108,0.0,0.9071270202208108,149.99999999999991,0.0,149.99999999999991,20.00000000000003,0.0,20.00000000000003
120_deg_s,120.0,30.0,40.0,4.8,100,7.336103323087576,0.7937604941831838,7.524030856431899,-0.5916867330765281,0.33364450722006217,-0.521521274871616,7.337928123246647,0.8319517351468637,7.418637828350489,-0.5924555087252571,0.33426993765879437,-0.5186436705064481,0.38348730121768787,0.0,0.38348730121768787,1.7984149632527773,0.0,1.7984149632527773,169.99999999999994,0.0,169.99999999999994,40.00000000000006,0.0,40.00000000000006
120_deg_s,120.0,30.0,80.0,9.6,100,6.573024067731177,1.163933354913578,6.784355930970044,-1.3547659884329266,0.7130013557594759,-1.2223758496823152,6.57387929889992,1.1991257926140677,6.667523428354209,-1.3565043330719846,0.7140641740619558,-1.2209788874948506,0.7542377302342754,0.0,0.7542377302342754,3.475174039543263,0.0,3.475174039543263,209.99999999999997,0.0,209.99999999999997,80.00000000000009,0.0,80.00000000000009
120_deg_s,120.0,30.0,120.0,14.4,100,5.735813080915593,1.5022701768548088,5.934214251323102,-2.191976975248511,1.06641679776383,-2.0808090838869333,5.735572529760735,1.5366804958571978,5.847380709516591,-2.194811102211169,1.0678789345145172,-2.0750556921344674,1.1021461568786184,0.0,1.1021461568786184,4.933570384584653,0.0,4.933570384584653,250.0,0.0,250.0,120.00000000000011,0.0,120.00000000000011
120_deg_s,120.0,30.0,160.0,19.2,100,4.903451876551852,1.7665601000075208,4.998766468855759,-3.024338179612252,1.3526456635456519,-2.985469449464892,4.90211570928305,1.8005610335576199,4.948823701457803,-3.0282679226888543,1.3551606458491743,-2.981179049319414,1.4213060935641577,0.0,1.4213060935641577,6.120175678659937,0.0,6.120175678659937,290.00000000000006,0.0,290.00000000000006,160.00000000000017,0.0,160.00000000000017
120_deg_s,120.0,30.0,200.0,24.0,100,4.1035578164064255,1.952381789315164,4.148124216082998,-3.824232239757679,1.5667168609496325,-3.802678466489001,4.101276793094763,1.986344543221576,4.185995216688952,-3.8291068388771414,1.5719224076663545,-3.7901952395972627,1.7101134711824568,0.0,1.7101134711824568,7.039908646420356,0.0,7.039908646420356,330.00000000000006,0.0,330.00000000000006,200.00000000000017,0.0,200.00000000000017
120_deg_s,120.0,45.0,0.0,0.0,100,5.313922421479042,0.3871523080636089,5.3985829102718705,0.0,0.0,0.0,5.316045992067156,0.4292682001576482,5.39959949163241,0.0,0.0,0.0,0.0,0.0,0.0,0.0,0.0,0.0,149.99999999999991,0.0,149.99999999999991,0.0,0.0,0.0
120_deg_s,120.0,45.0,20.0,2.4,100,5.128815604626991,0.49003066015669644,5.230753837800194,-0.185106816852051,0.10578840287156156,-0.16826513663697273,5.130600399110682,0.526853335096611,5.243615516386942,-0.18544559295647517,0.1058994536130454,-0.16854589342913284,0.1275048972404447,0.0,0.1275048972404447,0.5667963651656978,0.0,0.5667963651656978,169.99999999999994,0.0,169.99999999999994,20.00000000000003,0.0,20.00000000000003
120_deg_s,120.0,45.0,40.0,4.8,100,4.9172740318851025,0.600134969261499,5.027812078505644,-0.39664838959393867,0.21973714443528716,-0.3636398380263959,4.918663387769833,0.6331903495362506,4.994263935542806,-0.3973826042973236,0.21994479252909077,-0.3665659283620548,0.2540735171847247,0.0,0.2540735171847247,1.1262837319517116,0.0,1.1262837319517116,189.99999999999994,0.0,189.99999999999994,40.00000000000003,0.0,40.00000000000003
120_deg_s,120.0,45.0,80.0,9.6,100,4.435821814820102,0.8246657185056846,4.5456279730888145,-0.8781006066589395,0.4553331689524981,-0.830366426325313,4.436280306805021,0.8527624690640033,4.495831929200191,-0.8797656852621356,0.45578916811772313,-0.8363276272544957,0.5008971686475205,0.0,0.5008971686475205,2.1956078764267177,0.0,2.1956078764267177,229.99999999999997,0.0,229.99999999999997,80.00000000000006,0.0,80.00000000000006
120_deg_s,120.0,45.0,120.0,14.4,100,3.9142408241538895,1.0300268418475707,4.030318507726681,-1.399681597325152,0.6768357632363349,-1.3413411096006644,3.9136394736638804,1.0548019227430627,3.974991053017904,-1.4024065184032761,0.6781771375804955,-1.3496737567315238,0.7344081407073889,0.0,0.7344081407073889,3.1587036984252768,0.0,3.1587036984252768,270.0,0.0,270.0,120.00000000000009,0.0,120.00000000000009
120_deg_s,120.0,45.0,160.0,19.2,100,3.385294205559348,1.199358707931986,3.440259020750096,-1.9286282159196935,0.8670849027485152,-1.8772485489000965,3.3836256318244153,1.2221444550392282,3.413118838370065,-1.9324203602427412,0.8711347591182097,-1.8639902351897084,0.9505563871279277,0.0,0.9505563871279277,3.9800003345690005,0.0,3.9800003345690005,310.00000000000006,0.0,310.00000000000006,160.00000000000014,0.0,160.00000000000014
120_deg_s,120.0,45.0,200.0,24.0,100,2.865276469469582,1.3301610249360254,2.954847090872697,-2.4486459520094592,1.022105812738431,-2.334135357209635,2.8628206425042864,1.3528638401972763,2.9506405667017237,-2.4532253495628704,1.0312333437872039,-2.3370227763409326,1.1476076334591037,0.0,1.1476076334591037,4.640830976472818,0.0,4.640830976472818,350.0000000000001,0.0,350.0000000000001,200.0000000000002,0.0,200.0000000000002
120_deg_s,120.0,60.0,0.0,0.0,100,3.5438839753284777,0.2704073065505141,3.602824606830179,0.0,0.0,0.0,3.5456294844375376,0.30353257952682805,3.6098617294551314,0.0,0.0,0.0,0.0,0.0,0.0,0.0,0.0,0.0,149.99999999999991,0.0,149.99999999999991,0.0,0.0,0.0
120_deg_s,120.0,60.0,20.0,2.4,100,3.4264897261925817,0.3358436041318345,3.504819328712368,-0.11739424913589583,0.06826432405628609,-0.10363600968782283,3.4279540063819085,0.364755109129004,3.5168407904818006,-0.11767547805562883,0.06829666007466126,-0.10302794289574702,0.08496215745916082,0.0,0.08496215745916082,0.37312169535477047,0.0,0.37312169535477047,169.99999999999994,0.0,169.99999999999994,20.00000000000003,0.0,20.00000000000003
120_deg_s,120.0,60.0,40.0,4.8,100,3.293326607265711,0.4051654041551421,3.378422951693999,-0.2505573680627666,0.1412406607083797,-0.2265135856057383,3.2944565406264945,0.43076393134643526,3.370593233229032,-0.2511729438110431,0.14130951111265316,-0.22480238573924605,0.1693087587015045,0.0,0.1693087587015045,0.7417857567989437,0.0,0.7417857567989437,189.99999999999994,0.0,189.99999999999994,40.00000000000003,0.0,40.00000000000003
120_deg_s,120.0,60.0,80.0,9.6,100,2.989936136838687,0.5469009966907492,3.073134066890293,-0.5539478384897906,0.29285072456114203,-0.5178217768224476,2.9902666373402123,0.567502827763455,3.0485295964782377,-0.5553628470973252,0.29321555974736513,-0.5254258929944213,0.3338496592054318,0.0,0.3338496592054318,1.4488005840663902,0.0,1.4488005840663902,229.99999999999997,0.0,229.99999999999997,80.00000000000006,0.0,80.00000000000006
120_deg_s,120.0,60.0,120.0,14.4,100,2.65627729087256,0.6802930333353803,2.701367771972888,-0.8876066844559178,0.43933507925560206,-0.8451894651093608,2.655720887156988,0.6973520760447407,2.6880116759195305,-0.8899085972805496,0.44091712911912856,-0.8410593443835929,0.4896237656213992,0.0,0.4896237656213992,2.090767278044911,0.0,2.090767278044911,270.0,0.0,270.0,120.00000000000009,0.0,120.00000000000009
120_deg_s,120.0,60.0,160.0,19.2,100,2.311412518559764,0.7958477608412836,2.3780080052286534,-1.232471456768714,0.5703637416851323,-1.1653932506010456,2.310060446092311,0.8110287812532205,2.372151885190264,-1.2355690383452265,0.5749096698137482,-1.1665439640938655,0.6339339250733872,0.0,0.6339339250733872,2.6436118741691113,0.0,2.6436118741691113,310.00000000000006,0.0,310.00000000000006,160.00000000000014,0.0,160.00000000000014
120_deg_s,120.0,60.0,200.0,24.0,100,1.9676062637005756,0.890328056168582,2.0745294167992263,-1.576277711627902,0.681387005089818,-1.4721500249069144,1.9658126161825038,0.9055734809232489,2.0808319207612493,-1.5798168682550335,0.6905300284144027,-1.471274138296316,0.7655922925259593,0.0,0.7655922925259593,3.0924306667036205,0.0,3.0924306667036205,350.0000000000001,0.0,350.0000000000001,200.0000000000002,0.0,200.0000000000002
30_deg_s,30.0,10.0,0.0,0.0,100,6.6043959730010915,2.4973590684491724,7.201558625484487,0.0,0.0,0.0,6.594788609976369,2.5474590691841685,7.275868072131967,0.0,0.0,0.0,0.0,0.0,0.0,0.0,0.0,0.0,560.0,0.0,560.0,0.0,0.0,0.0
30_deg_s,30.0,10.0,20.0,0.6,100,6.442932159956769,2.527382282297833,7.012183316963484,-0.16146381304432242,0.09195060031389628,-0.15064565053588375,6.43968043822511,2.559259185000763,7.084682357840126,-0.15510817175125913,0.1044299901088546,-0.1500520603648785,0.1264231260064417,0.0,0.1264231260064417,0.5081398585214236,0.0,0.5081398585214236,580.0000000000001,0.0,580.0000000000001,20.000000000000114,0.0,20.000000000000114
30_deg_s,30.0,10.0,40.0,1.2,100,6.278244249933832,2.5519118254894866,6.7993915747010245,-0.32615172306725915,0.18628720328323473,-0.31044590968288066,6.2806709113002475,2.5684543911407025,6.845634245507866,-0.31411769867612166,0.210427536101755,-0.309482672388135,0.25259045806488356,0.0,0.25259045806488356,1.014237487738554,0.0,1.014237487738554,600.0000000000001,0.0,600.0000000000001,40.000000000000114,0.0,40.000000000000114
30_deg_s,30.0,10.0,80.0,2.4,100,5.936135123368019,2.5878015551348836,6.5073031477352155,-0.6682608496330722,0.38239729057888117,-0.6298567690378789,5.949226798012933,2.5786724669785377,6.5222390705288635,-0.6455618119634352,0.42994587414989427,-0.6303917357429705,0.5031540095971867,0.0,0.5031540095971867,2.012283327730456,0.0,2.012283327730456,640.0000000000001,0.0,640.0000000000001,80.00000000000011,0.0,80.00000000000011
30_deg_s,30.0,10.0,120.0,3.6,100,5.570593584991013,2.6109658975824686,6.106431626111012,-1.0338023880100786,0.5872966299489327,-0.9755858193307803,5.595585733650606,2.578434598326544,6.030917508364533,-0.9992028763257635,0.6628295529949346,-0.9820321327207471,0.7497653866650301,0.0,0.7497653866650301,2.97871285333446,0.0,2.97871285333446,680.0000000000001,0.0,680.0000000000001,120.00000000000011,0.0,120.00000000000011
30_deg_s,30.0,10.0,160.0,4.8,100,5.171836508374161,2.6255594174329704,5.757096136052956,-1.43255946462693,0.7982078066184425,-1.3821682654856784,5.212220717631719,2.569488605896608,5.665487720841585,-1.3825678923446505,0.9118632026918485,-1.379574664822985,0.9906929720146695,0.0,0.9906929720146695,3.8995758722290685,0.0,3.8995758722290685,720.0000000000002,0.0,720.0000000000002,160.00000000000023,0.0,160.00000000000023
30_deg_s,30.0,10.0,200.0,6.0,100,4.727754279748197,2.633600595945894,5.117519098775393,-1.8766416932528938,1.01212269637257,-1.8102879589297567,4.788596075289005,2.555291975743432,5.099255178334539,-1.8061925346873637,1.1791608307982593,-1.8208961198408353,1.2244728806309544,0.0,1.2244728806309544,4.762991336083969,0.0,4.762991336083969,759.9999999999998,0.0,759.9999999999998,199.99999999999977,0.0,199.99999999999977
30_deg_s,30.0,20.0,0.0,0.0,100,7.180239971270366,1.5591962732298148,7.551219367021765,0.0,0.0,0.0,7.114481594809445,1.8087912567785909,7.602090712890783,0.0,0.0,0.0,0.0,0.0,0.0,0.0,0.0,0.0,450.00000000000017,0.0,450.00000000000017,0.0,0.0,0.0
30_deg_s,30.0,20.0,20.0,0.6,100,6.951446391915569,1.6482229211958617,7.317439412353635,-0.2287935793547965,0.09789848609539922,-0.2156133623388672,6.9112764189488445,1.7997376275072112,7.396949633590809,-0.2032051758606001,0.1859239294734796,-0.2050100880607708,0.09957788199655557,0.0,0.09957788199655557,0.32393027908204264,0.0,0.32393027908204264,470.00000000000017,0.0,470.00000000000017,20.0,0.0,20.0
30_deg_s,30.0,20.0,40.0,1.2,100,6.7105311692502845,1.736926363156568,7.06895353062694,-0.46970880202008114,0.19696569839722697,-0.447025519639102,6.69429079951619,1.8135012790278822,7.178995692417121,-0.4201907952932552,0.35672343998229694,-0.4252449934473872,0.19907086537914417,0.0,0.19907086537914417,0.6472847813689846,0.0,0.6472847813689846,490.0000000000002,0.0,490.0000000000002,40.00000000000006,0.0,40.00000000000006
30_deg_s,30.0,20.0,80.0,2.4,100,6.191794918977616,1.912137018357454,6.527961421069966,-0.9884450522927499,0.3975459300879821,-0.9555848130078366,6.220139710693308,1.88696398253539,6.652033406457372,-0.8943418841161366,0.6712611374940577,-0.9029301289027098,0.39746543019281155,0.0,0.39746543019281155,1.289982802654552,0.0,1.289982802654552,529.9999999999998,0.0,529.9999999999998,79.9999999999996,0.0,79.9999999999996
30_deg_s,30.0,20.0,120.0,3.6,100,5.623781298464535,2.0823963321127943,5.953326872345551,-1.5564586728058307,0.5993957784324754,-1.53813701703648,5.693531486956335,1.9996356067481253,6.057741403537152,-1.42095010785311,0.9647171550502843,-1.4581652336981996,0.594522656034699,0.0,0.594522656034699,1.9236101929663851,0.0,1.9236101929663851,569.9999999999999,0.0,569.9999999999999,119.99999999999972,0.0,119.99999999999972
30_deg_s,30.0,20.0,160.0,4.8,100,5.007880694465293,2.2452023125377827,5.393991322714552,-2.1723592768050723,0.799694088153689,-2.178700066354811,5.116213054134087,2.1352074933461362,5.422302838815684,-1.9982685406753582,1.244838118507684,-2.08164915783051,0.7896113554688008,0.0,0.7896113554688008,2.543884753956143,0.0,2.543884753956143,609.9999999999999,0.0,609.9999999999999,159.99999999999972,0.0,159.99999999999972
30_deg_s,30.0,20.0,200.0,6.0,100,4.347431945905302,2.3978491241627347,4.7779427493273765,-2.8328080253650634,0.9950552201571077,-2.828273541709671,4.491307857869641,2.2826667041861115,4.797521674487327,-2.623173736939804,1.513266113547836,-2.74370025635021,0.982143477920009,0.0,0.982143477920009,3.146816780460328,0.0,3.146816780460328,649.9999999999999,0.0,649.9999999999999,199.99999999999972,0.0,199.99999999999972
30_deg_s,30.0,30.0,0.0,0.0,100,5.789827883771859,1.2298675587369021,5.88161135043925,0.0,0.0,0.0,5.745323804489274,1.3684208494438184,5.989430919391973,0.0,0.0,0.0,0.0,0.0,0.0,0.0,0.0,0.0,500.0,0.0,500.0,0.0,0.0,0.0
30_deg_s,30.0,30.0,20.0,0.6,100,5.569664145915202,1.2992427431909273,5.660183791459417,-0.22016373785665636,0.0720908642603751,-0.21490110619315939,5.542983333005263,1.3858828965867918,5.7795021131136615,-0.20234047148401157,0.13285952103719517,-0.2116172457833203,0.07876855352818667,0.0,0.07876855352818667,0.22740718713666386,0.0,0.22740718713666386,520.0,0.0,520.0,20.0,0.0,20.0
30_deg_s,30.0,30.0,40.0,1.2,100,5.340929102182526,1.3686231228385068,5.429149178032006,-0.44889878158933316,0.14449097220206059,-0.4381014293927836,5.331174196367487,1.417129809643203,5.546295000322633,-0.4141496081217874,0.2570357373327116,-0.4337052109715378,0.15749416171818773,0.0,0.15749416171818773,0.4545636852090036,0.0,0.4545636852090036,540.0,0.0,540.0,40.0,0.0,40.0
30_deg_s,30.0,30.0,80.0,2.4,100,4.859341889909204,1.5060088700050458,4.959667642886144,-0.9304859938626547,0.28894868147025593,-0.9135505548543308,4.88132757055856,1.5071385258980474,5.0494051137789375,-0.863996233930714,0.48545036398406144,-0.9062463352641523,0.3146456779971875,0.0,0.3146456779971875,0.9071270202208108,0.0,0.9071270202208108,580.0000000000001,0.0,580.0000000000001,80.00000000000011,0.0,80.00000000000011
30_deg_s,30.0,30.0,120.0,3.6,100,4.348783752719226,1.6392689635461988,4.472385576303226,-1.4410441310526332,0.4308630315350996,-1.4219219890742725,4.400175749798903,1.6176272280063229,4.594798167303519,-1.3451480546903716,0.6930558053139235,-1.4011847171635066,0.47111676060219276,0.0,0.47111676060219276,1.3557170506463327,0.0,1.3557170506463327,620.0000000000001,0.0,620.0000000000001,120.00000000000011,0.0,120.00000000000011
30_deg_s,30.0,30.0,160.0,4.8,100,3.8136662278940343,1.7657698138524933,3.9361462085542605,-1.9761616558778243,0.5678468772048306,-1.9745406210374745,3.892336275216138,1.7356176027972565,4.0607636705207435,-1.8529875292731361,0.8835177486246619,-1.9353302938582195,0.626579180887602,0.0,0.626579180887602,1.7984149632527773,0.0,1.7984149632527773,660.0000000000001,0.0,660.0000000000001,160.0000000000001,0.0,160.0000000000001
30_deg_s,30.0,30.0,200.0,6.0,100,3.2588490574078963,1.8830985416239001,3.3855034368877077,-2.5309788263639623,0.6977228841145202,-2.5483219615674964,3.3626539236793356,1.8528735506098633,3.5019623816408187,-2.3826698808099387,1.0585575957097353,-2.4898337585778036,0.7807186867014337,0.0,0.7807186867014337,2.233381552953821,0.0,2.233381552953821,700.0000000000002,0.0,700.0000000000002,200.00000000000023,0.0,200.00000000000023
30_deg_s,30.0,45.0,0.0,0.0,100,3.6916547649414175,0.8841608668116415,3.7868706168394644,0.0,0.0,0.0,3.6706423376500714,0.9402304472671066,3.7887598784941896,0.0,0.0,0.0,0.0,0.0,0.0,0.0,0.0,0.0,569.9999999999999,0.0,569.9999999999999,0.0,0.0,0.0
30_deg_s,30.0,45.0,20.0,0.6,100,3.545039400109238,0.9201027574356972,3.6412764545371377,-0.14661536483217996,0.040943083124202424,-0.14867114482340305,3.533352839836412,0.9581162055431385,3.6455946771824057,-0.13728949781365993,0.07038771790558386,-0.1445200847841569,0.05214278697592324,0.0,0.05214278697592324,0.1419865802010296,0.0,0.1419865802010296,589.9999999999999,0.0,589.9999999999999,20.0,0.0,20.0
30_deg_s,30.0,45.0,40.0,1.2,100,3.393951428304999,0.9556254688586174,3.4891547936905942,-0.29770333663641857,0.0819036437809907,-0.3016964233191395,3.3913420390141775,0.9801849021581619,3.4923709195471173,-0.279300298635894,0.13823539902120552,-0.29304759693182314,0.1042614195552747,0.0,0.1042614195552747,0.2838580131151156,0.0,0.2838580131151156,609.9999999999999,0.0,609.9999999999999,40.0,0.0,40.0
30_deg_s,30.0,45.0,80.0,2.4,100,3.0793433303060453,1.0249398034338648,3.173791683791036,-0.6123114346353722,0.16345447183897788,-0.6222969592189493,3.0941718103720146,1.0331630320722913,3.170195790875929,-0.5764705272780569,0.2668208667768248,-0.6049721098009984,0.2083300122547043,0.0,0.2083300122547043,0.5667963651656951,0.0,0.5667963651656951,649.9999999999999,0.0,649.9999999999999,80.0,0.0,80.0
30_deg_s,30.0,45.0,120.0,3.6,100,2.7499876404289747,1.0912007313264513,2.833226450446255,-0.9416671245124427,0.24384094063178874,-0.9497434394644022,2.7813193169254173,1.0928795495878865,2.837588077281074,-0.8893230207246542,0.38655200910263726,-0.9317180398392346,0.31201510464190646,0.0,0.31201510464190646,0.8479034627511153,0.0,0.8479034627511153,690.0,0.0,690.0,120.00000000000011,0.0,120.00000000000011
30_deg_s,30.0,45.0,160.0,4.8,100,2.408254799444205,1.1535813272656368,2.4452422844596766,-1.2833999654972126,0.3223058588715891,-1.2894620348968084,2.4551543100167605,1.1547330892411654,2.4554555257062836,-1.2154880276333109,0.4979793614077836,-1.2678829413910944,0.41513024475126753,0.0,0.41513024475126753,1.1262837319517116,0.0,1.1262837319517116,730.0,0.0,730.0,160.0000000000001,0.0,160.0000000000001
30_deg_s,30.0,45.0,200.0,6.0,100,2.0566098873697607,1.2113339680712436,2.058182227622594,-1.635044877571657,0.39814225177832646,-1.6281136926233726,2.118125953952442,1.2154817572534857,2.069778947864036,-1.5525163836976295,0.60151519072316,-1.6108174717818244,0.5174951504083107,0.0,0.5174951504083107,1.4010653406420506,0.0,1.4010653406420506,770.0,0.0,770.0,200.0000000000001,0.0,200.0000000000001
30_deg_s,30.0,60.0,0.0,0.0,100,2.4180046195120815,0.6120566453938463,2.4778535010273233,0.0,0.0,0.0,2.406686687445546,0.6426273402729635,2.494527524498828,0.0,0.0,0.0,0.0,0.0,0.0,0.0,0.0,0.0,600.0000000000001,0.0,600.0000000000001,0.0,0.0,0.0
30_deg_s,30.0,60.0,20.0,0.6,100,2.3225249924091353,0.6332062957436337,2.379949232795945,-0.0954796271029462,0.0255202104640293,-0.09759930355480662,2.316733111531649,0.6550024470077508,2.390709260484625,-0.08995357591389697,0.04213567659928051,-0.0955629149387005,0.03474451096309373,0.0,0.03474451096309373,0.09358015701635836,0.0,0.09358015701635836,620.0000000000001,0.0,620.0000000000001,20.0,0.0,20.0
30_deg_s,30.0,60.0,40.0,1.2,100,2.224302715006041,0.6539271569641505,2.2816035739973617,-0.1937019045060407,0.051014687182647636,-0.19702465285381587,2.223949544914845,0.6691254411911953,2.279605960230973,-0.18273714253070084,0.08327503378423638,-0.19384626232075242,0.0694731415422777,0.0,0.0694731415422777,0.18709043170019513,0.0,0.18709043170019513,640.0000000000001,0.0,640.0000000000001,40.0,0.0,40.0
30_deg_s,30.0,60.0,80.0,2.4,100,2.020147935568242,0.6938765497124088,2.0567204758866238,-0.39785668394383955,0.10175283451095192,-0.40257390800104365,2.0303917031787173,0.7011548784610346,2.0596026482575778,-0.3762949842668285,0.16250648261432138,-0.39675722898303967,0.13881950981422886,0.0,0.13881950981422886,0.37362255537302236,0.0,0.37362255537302236,680.0000000000001,0.0,680.0000000000001,80.0,0.0,80.0
30_deg_s,30.0,60.0,120.0,3.6,100,1.806682432215539,0.731534021741386,1.8351153108027531,-0.6113221872965426,0.15189029533643425,-0.6147944748945897,1.8271200766398512,0.7361151210989483,1.8602182998599726,-0.5795666108056947,0.2376178481531825,-0.6087275668960306,0.20791374883274044,0.0,0.20791374883274044,0.5590420573955424,0.0,0.5590420573955424,720.0000000000002,0.0,720.0000000000002,120.00000000000011,0.0,120.00000000000011
30_deg_s,30.0,60.0,160.0,4.8,100,1.5851791742543284,0.7665875741827762,1.6066389834496897,-0.8328254452577531,0.20112839209623065,-0.8282788394822502,1.615375838431513,0.7719516059551972,1.6260143257185866,-0.791310849014033,0.3085905610452591,-0.8198835114898144,0.27663326549956846,0.0,0.27663326549956846,0.7428025700365648,0.0,0.7428025700365648,759.9999999999998,0.0,759.9999999999998,159.99999999999966,0.0,159.99999999999966
30_deg_s,30.0,60.0,200.0,6.0,100,1.3569865228389237,0.798771794463545,1.3677823195957841,-1.061018096673158,0.24917769489796593,-1.0448236859398805,1.3964798589548013,0.8071202828746016,1.3905662945597879,-1.0102068284907446,0.3754522365829069,-1.039626579038024,0.34485948389546084,0.0,0.34485948389546084,0.9243695377576593,0.0,0.9243695377576593,799.9999999999998,0.0,799.9999999999998,199.99999999999966,0.0,199.99999999999966
60_deg_s,60.0,10.0,0.0,0.0,100,8.64786637961926,1.4395975288237721,9.105810562235318,0.0,0.0,0.0,8.629902410029677,1.5196573891811644,9.106366183007918,0.0,0.0,0.0,0.0,0.0,0.0,0.0,0.0,0.0,280.0,0.0,280.0,0.0,0.0,0.0
60_deg_s,60.0,10.0,20.0,1.2,100,8.510922028434766,1.5479127536551434,8.935752676707375,-0.13694435118449344,0.13284668186521895,-0.09965384138726296,8.494221951423377,1.6252407957044772,8.970988806508469,-0.13568045860630099,0.12998963451424522,-0.10047411172799636,0.20245879858345833,0.0,0.20245879858345833,1.0132792373474988,0.0,1.0132792373474988,300.00000000000006,0.0,300.00000000000006,20.000000000000057,0.0,20.000000000000057
60_deg_s,60.0,10.0,40.0,2.4,100,8.366840884232099,1.652249533186979,8.844096228852731,-0.2810254953871599,0.26358298692023463,-0.20405850161000183,8.35193632485006,1.7245372805338344,8.864683210636263,-0.2779660851796175,0.25693711073804476,-0.20590839940208916,0.4032929710247772,0.0,0.4032929710247772,2.0102627671167532,0.0,2.0102627671167532,320.00000000000006,0.0,320.00000000000006,40.00000000000006,0.0,40.00000000000006
60_deg_s,60.0,10.0,80.0,4.8,100,8.048721490073735,1.8446668832425814,8.553069790130223,-0.5991448895455241,0.5121834846815855,-0.4407686344659991,8.038644409018486,1.9021577577561233,8.574626697677616,-0.5912580010111919,0.49702141563541535,-0.44778604310473424,0.7940700152166615,0.0,0.7940700152166615,3.894843837363757,0.0,3.894843837363757,360.0000000000001,0.0,360.0000000000001,80.00000000000011,0.0,80.00000000000011
60_deg_s,60.0,10.0,120.0,7.2,100,7.663312261515894,2.011487821410663,8.200803581754073,-0.9845541181033661,0.7449773555779718,-0.8219067884216411,7.659054490961552,2.051404339422424,8.178495425861223,-0.9708479190681267,0.7218107243560508,-0.8223268125630439,1.1621856312510206,0.0,1.1621856312510206,5.551396035170041,0.0,5.551396035170041,399.9999999999999,0.0,399.9999999999999,119.99999999999989,0.0,119.99999999999989
60_deg_s,60.0,10.0,160.0,9.6,100,7.155813681259576,2.1638112166133103,7.66125099364859,-1.4920526983596833,0.992221850036065,-1.3107015059686242,7.1579708934153805,2.1855895814239505,7.789018349418496,-1.4719315166142979,0.963124941828082,-1.2914733044254998,1.5014041159854485,0.0,1.5014041159854485,6.920818694133775,0.0,6.920818694133775,439.99999999999994,0.0,439.99999999999994,159.99999999999994,0.0,159.99999999999994
60_deg_s,60.0,10.0,200.0,12.0,100,6.465119174086551,2.332769862025534,7.047078086296895,-2.1827472055327086,1.2974013658779715,-2.011636997805844,6.47455905097258,2.336289128024341,7.074831427805451,-2.155343359057098,1.2652308468214684,-2.014172948488092,1.8096918033584335,0.0,1.8096918033584335,7.983194217964943,0.0,7.983194217964943,480.0,0.0,480.0,200.0,0.0,200.0
60_deg_s,60.0,20.0,0.0,0.0,100,8.751372846616723,0.8609137142221285,8.998886140308826,0.0,0.0,0.0,8.738167439277003,0.9205094641098797,8.978863911403,0.0,0.0,0.0,0.0,0.0,0.0,0.0,0.0,0.0,229.99999999999997,0.0,229.99999999999997,0.0,0.0,0.0
60_deg_s,60.0,20.0,20.0,1.2,100,8.54573184257983,0.9812117974762173,8.84485487058554,-0.20564100403689353,0.12863925884600838,-0.17281247009925238,8.532858566369415,1.0395899297114628,8.829405187084722,-0.20530887290758917,0.12908342171902917,-0.17266938567855927,0.1595612460834143,0.0,0.1595612460834143,0.6472847813689846,0.0,0.6472847813689846,250.0,0.0,250.0,20.00000000000003,0.0,20.00000000000003
60_deg_s,60.0,20.0,40.0,2.4,100,8.313448395793612,1.1088089442568827,8.644155586667313,-0.4379244508231116,0.26665567418413627,-0.3755515258879698,8.301115263472777,1.165951321756657,8.597442134311429,-0.43705217580422606,0.2669800728609066,-0.3733524144601219,0.31858041705805784,0.0,0.31858041705805784,1.289982802654552,0.0,1.289982802654552,270.0,0.0,270.0,40.00000000000003,0.0,40.00000000000003
60_deg_s,60.0,20.0,80.0,4.8,100,7.760818797050784,1.3851742808010123,8.099111827573559,-0.9905540495659401,0.5687452237402371,-0.8674564941121963,7.750451924745022,1.438364256784714,8.063295163855866,-0.9877155145319816,0.5665108585766755,-0.8628189978725702,0.6328970919978444,0.0,0.6328970919978444,2.543884753956143,0.0,2.543884753956143,310.00000000000006,0.0,310.00000000000006,80.00000000000009,0.0,80.00000000000009
60_deg_s,60.0,20.0,120.0,7.2,100,7.086260919762134,1.6829807334202158,7.47257278445206,-1.6651119268545895,0.8953525162318196,-1.5088108914543845,7.079445989891323,1.728525828431405,7.434740711250303,-1.6587214493856806,0.8868314410395701,-1.5061945182101732,0.9390608178015474,0.0,0.9390608178015474,3.728788538451795,0.0,3.728788538451795,350.0000000000001,0.0,350.0000000000001,120.00000000000014,0.0,120.00000000000014
60_deg_s,60.0,20.0,160.0,9.6,100,6.302927858636406,1.984859583221226,6.75196691232137,-2.448444987980318,1.225275490160173,-2.2572930870643626,6.301493325536939,2.0183483326120215,6.776125681077907,-2.436674113740064,1.206753709451196,-2.269456629932077,1.2338677557294417,0.0,1.2338677557294417,4.817616715813183,0.0,4.817616715813183,389.9999999999999,0.0,389.9999999999999,159.99999999999991,0.0,159.99999999999991
60_deg_s,60.0,20.0,200.0,12.0,100,5.443473869434044,2.2685307659364335,5.957054883282186,-3.30789897718268,1.5345806062719576,-3.1067102910540862,5.448994421179014,2.286357998409776,5.918765485052231,-3.289173018097989,1.5032471300007115,-3.109738239384487,1.5149985879867096,0.0,1.5149985879867096,5.790945960671241,0.0,5.790945960671241,429.99999999999994,0.0,429.99999999999994,199.99999999999997,0.0,199.99999999999997
60_deg_s,60.0,30.0,0.0,0.0,100,7.335617819785479,0.7769390592776503,7.536981019745351,0.0,0.0,0.0,7.327602515067533,0.8183924288970507,7.56489850719205,0.0,0.0,0.0,0.0,0.0,0.0,0.0,0.0,0.0,250.0,0.0,250.0,0.0,0.0,0.0
60_deg_s,60.0,30.0,20.0,1.2,100,7.110154178863256,0.8886433431562109,7.341747250083553,-0.2254636409222224,0.11388460626416362,-0.19611221198776096,7.102737378822209,0.9272992914864493,7.377303672850263,-0.22486513624532473,0.11332240804134024,-0.19694220426277154,0.12623627594248418,0.0,0.12623627594248418,0.4545636852090036,0.0,0.4545636852090036,270.0,0.0,270.0,20.0,0.0,20.0
60_deg_s,60.0,30.0,40.0,2.4,100,6.863301151098858,1.005537441115095,7.1281293279761915,-0.4723166686866209,0.2334708597693698,-0.4135210062041401,6.856558719312772,1.0417989610372442,7.161337836975308,-0.4710437957547616,0.23221840357371054,-0.4182591077666563,0.2521979113194094,0.0,0.2521979113194094,0.9071270202208108,0.0,0.9071270202208108,290.00000000000006,0.0,290.00000000000006,40.00000000000006,0.0,40.00000000000006
60_deg_s,60.0,30.0,80.0,4.8,100,6.309763641727561,1.248636617735171,6.643811177101114,-1.0258541780579173,0.48380289253014463,-0.9146916141434125,6.304647540889962,1.2807992122844531,6.678680680641074,-1.0229549741775716,0.4806629467085617,-0.9261697729629059,0.5022219332317519,0.0,0.5022219332317519,1.7984149632527773,0.0,1.7984149632527773,330.00000000000006,0.0,330.00000000000006,80.00000000000006,0.0,80.00000000000006
60_deg_s,60.0,30.0,120.0,7.2,100,5.6885760701608055,1.49320499285431,6.053888207260588,-1.6470417496246725,0.7385330426041192,-1.4912772086957315,5.685542887908393,1.5214572867581762,6.07260398484045,-1.6420596271591408,0.7326176984241156,-1.4929461949641345,0.748018954987928,0.0,0.748018954987928,2.658880827617545,0.0,2.658880827617545,370.0000000000001,0.0,370.0000000000001,120.00000000000011,0.0,120.00000000000011
60_deg_s,60.0,30.0,160.0,9.6,100,5.019207354985454,1.7272192406320817,5.444499608320764,-2.3164104648000245,0.9860772881638277,-2.1223700831982306,5.018787324396192,1.7510580212529412,5.426529477514391,-2.308815190671341,0.9762975302527319,-2.13990855677316,0.987763429083611,0.0,0.987763429083611,3.475174039543263,0.0,3.475174039543263,409.99999999999994,0.0,409.99999999999994,159.99999999999994,0.0,159.99999999999994
60_deg_s,60.0,30.0,200.0,12.0,100,4.322895325227507,1.9416470408486568,4.785441739602039,-3.012722494557971,1.217664721385939,-2.8185663839034425,4.325619886204375,1.9601312693506963,4.7357592410133265,-3.0019826288631584,1.202886659474081,-2.834551256939463,1.219939327450908,0.0,1.219939327450908,4.23620412965135,0.0,4.23620412965135,449.99999999999994,0.0,449.99999999999994,199.99999999999994,0.0,199.99999999999994
60_deg_s,60.0,45.0,0.0,0.0,100,4.849795128926401,0.6075050395027364,5.022238637006662,0.0,0.0,0.0,4.846187321953504,0.6329814458378762,5.004367461380607,0.0,0.0,0.0,0.0,0.0,0.0,0.0,0.0,0.0,290.00000000000006,0.0,290.00000000000006,0.0,0.0,0.0
60_deg_s,60.0,45.0,20.0,1.2,100,4.693383493965375,0.6777041927284191,4.880818441313199,-0.1564116349610265,0.07427230358405645,-0.14182780971436948,4.6903036122228565,0.7011133085593505,4.861141698207001,-0.15588370973064744,0.07364986609628747,-0.14152418641216225,0.08356864270200594,0.0,0.08356864270200594,0.2838580131151156,0.0,0.2838580131151156,310.00000000000006,0.0,310.00000000000006,20.0,0.0,20.0
60_deg_s,60.0,45.0,40.0,2.4,100,4.525405639013495,0.7499918251824415,4.732810844410284,-0.32438948991290695,0.15129146350943998,-0.29442311338372873,4.52286477549392,0.7715658885048817,4.701337874505231,-0.32332254645958436,0.15002586934895867,-0.29686835310906456,0.1669827288930732,0.0,0.1669827288930732,0.5667963651656978,0.0,0.5667963651656978,330.00000000000006,0.0,330.00000000000006,40.0,0.0,40.0
60_deg_s,60.0,45.0,80.0,4.8,100,4.158310103285889,0.8979696496844716,4.4067197692779905,-0.6914850256405115,0.3108295179437077,-0.6366974159159406,4.156882127479089,0.9164000211008697,4.3712182306571865,-0.689305194474415,0.3082436047229799,-0.639169940580482,0.33273929352560805,0.0,0.33273929352560805,1.1262837319517116,0.0,1.1262837319517116,370.0000000000001,0.0,370.0000000000001,80.00000000000006,0.0,80.00000000000006
60_deg_s,60.0,45.0,120.0,7.2,100,3.756972181813487,1.0457610549939533,4.046545398402167,-1.092822947112914,0.47314345164876404,-1.0256694296716744,3.756723803022163,1.0615434243849042,4.02045078981056,-1.089463518931341,0.46922897061533747,-1.0252047312216825,0.4960969097161466,0.0,0.4960969097161466,1.6714075819890937,0.0,1.6714075819890937,409.99999999999994,0.0,409.99999999999994,119.99999999999989,0.0,119.99999999999989
60_deg_s,60.0,45.0,160.0,9.6,100,3.3309476356770307,1.188253849997919,3.6129985530218676,-1.5188474932493703,0.6331937803675688,-1.4624060465945945,3.331984960053602,1.2016798097158905,3.65219531355355,-1.5142023618999023,0.6279443252886283,-1.472530536859994,0.6559840356586816,0.0,0.6559840356586816,2.195607876426715,0.0,2.195607876426715,449.99999999999994,0.0,449.99999999999994,159.9999999999999,0.0,159.9999999999999
60_deg_s,60.0,45.0,200.0,12.0,100,2.889518363896407,1.3213498616304222,3.1691649613120196,-1.9602767650299942,0.7867517803648613,-1.9034360637704413,2.8919960445167003,1.3324857273976454,3.167053312871797,-1.9541912774368038,0.7800824784312815,-1.9034343233854547,0.8114699496422306,0.0,0.8114699496422306,2.693031188678141,0.0,2.693031188678141,490.0,0.0,490.0,199.99999999999994,0.0,199.99999999999994
60_deg_s,60.0,60.0,0.0,0.0,100,3.220940590054288,0.42471185815557827,3.3462009006650524,0.0,0.0,0.0,3.219190680608266,0.4420214718073818,3.324917459688198,0.0,0.0,0.0,0.0,0.0,0.0,0.0,0.0,0.0,300.00000000000006,0.0,300.00000000000006,0.0,0.0,0.0
60_deg_s,60.0,60.0,20.0,1.2,100,3.1195553962586415,0.4696764113201962,3.254898800951592,-0.10138519379564609,0.04859882215247346,-0.0929482525480525,3.118180189853053,0.48545295646860387,3.2326962558719137,-0.10101049075521294,0.048165577750032676,-0.09270112107067896,0.0556847985326028,0.0,0.0556847985326028,0.18709043170019513,0.0,0.18709043170019513,320.00000000000006,0.0,320.00000000000006,20.0,0.0,20.0
60_deg_s,60.0,60.0,40.0,2.4,100,3.0111551277418416,0.5158280071490885,3.156623949243621,-0.2097854623124459,0.09895755572323994,-0.1922354551133698,3.0101512518140594,0.5302354458809789,3.1289446696794707,-0.20903942879420628,0.09809380382874557,-0.1944316311391101,0.11126798447565692,0.0,0.11126798447565692,0.37362255537302236,0.0,0.37362255537302236,340.00000000000006,0.0,340.00000000000006,40.0,0.0,40.0
60_deg_s,60.0,60.0,80.0,4.8,100,2.7751765542549798,0.6103088788686449,2.9477489695389565,-0.44576403579930796,0.20356881140511862,-0.4104061647559918,2.7749086626582105,0.622370032260378,2.9145308776213312,-0.44428201795005523,0.20187496246191075,-0.4182834369249256,0.2217298268860825,0.0,0.2217298268860825,0.7428025700365648,0.0,0.7428025700365648,379.9999999999999,0.0,379.9999999999999,79.99999999999983,0.0,79.99999999999983
60_deg_s,60.0,60.0,120.0,7.2,100,2.5173753590238857,0.7053244030868743,2.70160983277679,-0.7035652310304019,0.31094367349606267,-0.6649314350062885,2.517856714231131,0.7154422657152122,2.694131702237764,-0.7013339663771344,0.30848323963687674,-0.6667899611203639,0.33061424162995706,0.0,0.33061424162995706,1.1032239573472902,0.0,1.1032239573472902,419.99999999999994,0.0,419.99999999999994,119.99999999999989,0.0,119.99999999999989
60_deg_s,60.0,60.0,160.0,9.6,100,2.2426773714895534,0.798075648904673,2.420266197921358,-0.9782632185647342,0.41811654187454234,-0.9501413394697158,2.243959760818651,0.806526355266962,2.4407617243820425,-0.9752309197896148,0.414937943317723,-0.9434605867191411,0.4372155845407696,0.0,0.4372155845407696,1.4508181485434672,0.0,1.4508181485434672,459.99999999999994,0.0,459.99999999999994,159.9999999999999,0.0,159.9999999999999
60_deg_s,60.0,60.0,200.0,12.0,100,1.956001438877274,0.8859872331527495,2.1357940518662466,-1.2649391511770136,0.5222395961933958,-1.2327851424809244,1.9581793726139023,0.8928883017833814,2.0850679155875573,-1.2610113079943637,0.5183123706032623,-1.230841413552151,0.5409191475167919,0.0,0.5409191475167919,1.7818747020433436,0.0,1.7818747020433436,500.0,0.0,500.0,199.99999999999994,0.0,199.99999999999994
