session_id,host_monotonic_timestamp_ns,receive_interval_ms,packet_loss_count,device_timestamp_ms,seq,packet_format,packet_version,flags,ax_m_s2,ay_m_s2,az_m_s2,gx_rad_s,gy_rad_s,gz_rad_s,qw,qx,qy,qz,yaw_deg,calibrated_yaw_deg,sigma_deg,bmax_db,audio_frame_index,calibration_state,source_0_name,source_0_gain_linear,source_0_attention_pct,source_0_distance_factor,source_0_gain_db,source_0_relative_angle_deg,source_1_name,source_1_gain_linear,source_1_attention_pct,source_1_distance_factor,source_1_gain_db,source_1_relative_angle_deg
20260716_204048,11843893308100,,,7070340,585174,telemetry_v1,1,0,-0.09816499799489975,-1.6376830339431763,9.668081283569336,0.0010649999603629112,-0.0010649999603629112,0.0,0.6822912693023682,-0.0536603182554245,0.06450151652097702,-0.7262498140335083,-93.62361145019531,0.0,20.0,10.0,,0,A,1.0959223188514788,7.955954316936996,1.0,0.7955954316936996,-45.0,B,1.0959223188514788,7.955954316936996,1.0,0.7955954316936996,45.0
20260716_204048,11843909671800,16.3637,1,7070365,585176,telemetry_v1,1,0,-0.1173190027475357,-1.6448659896850586,9.687234878540039,0.0,-0.0010649999603629112,0.0,0.6823238134384155,-0.05325651168823242,0.06504599750041962,-0.7262003421783447,-93.62349700927734,0.012899860628513345,20.0,10.0,,0,A,1.0957761721296655,7.94437047633355,1.0,0.794437047633355,-45.01293314630661,B,1.0960675271209441,7.967462244378114,1.0,0.7967462244378114,44.98711507871505
20260716_204048,11843939230200,29.5584,1,7070389,585178,telemetry_v1,1,0,-0.10534799844026566,-1.6448659896850586,9.668081283569336,0.0,0.0,0.0010649999603629112,0.6822925209999084,-0.0537433922290802,0.0649530440568924,-0.7262023091316223,-93.62240600585938,0.005969868470367319,20.0,10.0,,0,A,1.095854843517684,7.950606297869353,1.0,0.7950606297869354,-45.00597558919063,B,1.0959896791459347,7.961292889693111,1.0,0.7961292889693111,44.99401407765893
20260716_204048,11844014928800,75.6986,1,7070413,585180,telemetry_v1,1,0,-0.10534799844026566,-1.6448659896850586,9.672868728637695,-0.0010649999603629112,-0.0021299999207258224,0.0010649999603629112,0.6823073625564575,-0.053717419505119324,0.064915232360363,-0.7261936664581299,-93.62039947509766,0.007841811321550212,20.0,10.0,,0,A,1.0958337235239328,7.948932283252106,1.0,0.7948932283252107,-45.00784759685963,B,1.0960108389267587,7.962969819232978,1.0,0.7962969819232978,44.99214540663162
20260716_204048,11844045430000,30.5012,1,7070438,585182,telemetry_v1,1,0,-0.1101360023021698,-1.6448659896850586,9.677658081054688,0.0010649999603629112,-0.0021299999207258224,0.0010649999603629112,0.6823379397392273,-0.053489383310079575,0.06514933705329895,-0.7261606454849243,-93.61842346191406,0.016079695287593416,20.0,10.0,,0,A,1.0957404746037192,7.941540794239095,1.0,0.7941540794239095,-45.016113089646666,B,1.096103649772868,7.970324770547416,1.0,0.7970324770547416,44.98390800910267
20260716_204048,11844075598900,30.1689,1,7070462,585184,telemetry_v1,1,0,-0.1412619948387146,-1.6305010318756104,9.677658081054688,0.0010649999603629112,-0.0010649999603629112,0.0010649999603629112,0.6823964715003967,-0.05293674394488335,0.0650477185845375,-0.7261553406715393,-93.61604309082031,0.024858149230907737,20.0,10.0,,0,A,1.0956409327744443,7.933649795975282,1.0,0.7933649795975283,-45.02489280131248,B,1.096202373793618,7.9781476377951615,1.0,0.7978147637795162,44.975196155558905
20260716_204048,11844134332900,58.734,1,7070486,585186,telemetry_v1,1,0,-0.12210799753665924,-1.6233179569244385,9.66568660736084,0.0,-0.0021299999207258224,0.0010649999603629112,0.6824308037757874,-0.052650295197963715,0.06513087451457977,-0.7261365652084351,-93.61417388916016,0.031832644827900505,20.0,10.0,,0,A,1.0955617095020724,7.927369002153559,1.0,0.7927369002153559,-45.031874475064846,B,1.0962806694807996,7.984351267970285,1.0,0.7984351267970285,44.96827036151235
20260716_204048,11844164325100,29.9922,1,7070511,585188,telemetry_v1,1,0,-0.12210799753665924,-1.6496549844741821,9.672868728637695,0.0,-0.0010649999603629112,0.0,0.682404100894928,-0.05298955738544464,0.06512495875358582,-0.7261374592781067,-93.61422729492188,0.02696630187313818,20.0,10.0,,0,A,1.0956171579014604,7.931764979907439,1.0,0.793176497990744,-45.0270122269355,B,1.096226213091649,7.980036552334903,1.0,0.7980036552334903,44.973080426622104
20260716_204048,11844242524000,78.1989,1,7070535,585190,telemetry_v1,1,0,-0.1101360023021698,-1.652048945426941,9.675264358520508,0.0,-0.0010649999603629112,0.0010649999603629112,0.6824094653129578,-0.053060133010149,0.06504205614328384,-0.7261345982551575,-93.61248779296875,0.026606061362232016,20.0,10.0,,0,A,1.0956214511628706,7.9321053426104475,1.0,0.7932105342610447,-45.026640433324935,B,1.0962223717295425,7.97973218353421,1.0,0.797973218353421,44.973431215925935
20260716_204048,11844313391100,70.8671,1,7070559,585192,telemetry_v1,1,0,-0.10774199664592743,-1.656838059425354,9.692024230957031,0.0,0.0,0.0010649999603629112,0.6823761463165283,-0.05357538163661957,0.06505129486322403,-0.7261273264884949,-93.61138916015625,0.02063192930844794,20.0,10.0,,0,A,1.0956893307021565,7.937486543597435,1.0,0.7937486543597436,-45.020652228045165,B,1.0961553234491277,7.974419467887009,1.0,0.7974419467887008,44.97935482004415
20260716_204048,11844328552400,15.1613,1,7070584,585194,telemetry_v1,1,0,-0.1101360023021698,-1.6376830339431763,9.682445526123047,0.0010649999603629112,0.0,0.0010649999603629112,0.6823830604553223,-0.053619470447301865,0.06500919908285141,-0.7261213660240173,-93.6097640991211,0.02109108097476447,20.0,10.0,,0,A,1.095684218925879,7.937081315336769,1.0,0.7937081315336769,-45.02110617420584,B,1.0961605824429543,7.974836187392301,1.0,0.79748361873923,44.97889535922516
20260716_204048,11844343703300,15.1509,1,7070608,585196,telemetry_v1,1,0,-0.10534799844026566,-1.656838059425354,9.680051803588867,0.0,-0.0010649999603629112,0.0,0.6823732256889343,-0.053758103400468826,0.06493893265724182,-0.7261265516281128,-93.60956573486328,0.018415167995130235,20.0,10.0,,0,A,1.0957144884051204,7.939480854546396,1.0,0.7939480854546397,-45.018418786635586,B,1.0961304141988606,7.97244564672784,1.0,0.7972445646727839,44.98156928414703
20260716_204048,11844397939700,54.2364,1,7070632,585198,telemetry_v1,1,0,-0.10055900365114212,-1.6496549844741821,9.675264358520508,0.0,-0.0021299999207258224,-0.0010649999603629112,0.6823564767837524,-0.05393531545996666,0.06486169248819351,-0.7261360287666321,-93.60997772216797,0.014503262604504014,20.0,10.0,,0,A,1.095758650908444,7.9429816104824855,1.0,0.7942981610482486,-45.014493432407505,B,1.0960862224083507,7.96894375728025,1.0,0.796894375728025,44.985483192815586
20260716_204048,11844402997000,5.0573,1,7070657,585200,telemetry_v1,1,0,-0.1173190027475357,-1.652048945426941,9.668081283569336,0.0010649999603629112,-0.0021299999207258224,0.0010649999603629112,0.6823943853378296,-0.05354033038020134,0.06529897451400757,-0.7260906100273132,-93.6089859008789,0.026783893450999737,20.0,10.0,,0,A,1.0956197652820403,7.93197168891021,1.0,0.793197168891021,-45.02682661744807,B,1.0962247046545996,7.979917032051633,1.0,0.7979917032051632,44.97318795814506
20260716_204048,11844418606200,15.6092,1,7070681,585202,telemetry_v1,1,0,-0.11492499709129333,-1.6472610235214233,9.69681167602539,-0.0010649999603629112,0.0,0.0,0.6824137568473816,-0.053392376750707626,0.06517063826322556,-0.7260948419570923,-93.60777282714844,0.02838272966523447,20.0,10.0,,0,A,1.0956017293672726,7.930541820085188,1.0,0.7930541820085188,-45.02842272579808,B,1.09624277979785,7.981349196501795,1.0,0.7981349196501796,44.97161267634742
20260716_204048,11844447930300,29.3241,1,7070705,585204,telemetry_v1,1,0,-0.1029530018568039,-1.6424720287322998,9.694417953491211,0.0010649999603629112,-0.0021299999207258224,-0.0010649999603629112,0.6823956966400146,-0.053661689162254333,0.0645994320511818,-0.7261428833007812,-93.60723114013672,0.017642525098023713,20.0,10.0,,0,A,1.0957232543933448,7.940175744524779,1.0,0.7940175744524779,-45.01764282808259,B,1.0961217294956949,7.971757456060967,1.0,0.7971757456060967,44.982356881281845
20260716_204048,11844463609200,15.6789,1,7070729,585206,telemetry_v1,1,0,-0.1101360023021698,-1.6592320203781128,9.670475006103516,0.0,-0.0031950001139193773,0.0010649999603629112,0.6824021935462952,-0.053693097084760666,0.06518495082855225,-0.7260820865631104,-93.60585021972656,0.026279686491286793,20.0,10.0,,0,A,1.0956256991351971,7.932442113556713,1.0,0.7932442113556714,-45.026299964356326,B,1.0962192523217191,7.979485017709657,1.0,0.7979485017709658,44.97368942793554
20260716_204048,11844495546100,31.9369,1,7070754,585208,telemetry_v1,1,0,-0.10774199664592743,-1.6472610235214233,9.677658081054688,0.0010649999603629112,-0.0021299999207258224,0.0010649999603629112,0.6824146509170532,-0.05365295335650444,0.06510898470878601,-0.7260801792144775,-93.6043930053711,0.027300389637504766,20.0,10.0,,0,A,1.0956142286002657,7.931532748961404,1.0,0.7931532748961403,-45.02731888769166,B,1.0962308356279415,7.980402815747977,1.0,0.7980402815747978,44.97267744896819
20260716_204048,11844524935700,29.3896,1,7070778,585210,telemetry_v1,1,0,-0.10055900365114212,-1.6448659896850586,9.69681167602539,0.0,0.0,-0.0010649999603629112,0.6824130415916443,-0.05360821634531021,0.06450733542442322,-0.726138710975647,-93.60516357421875,0.0192416988788162,20.0,10.0,,0,A,1.0957052310219306,7.9387470050878735,1.0,0.7938747005087874,-45.01924159139581,B,1.0961398252050254,7.973191384725483,1.0,0.7973191384725484,44.98075839052817
20260716_204048,11844538674000,13.7383,1,7070802,585212,telemetry_v1,1,0,-0.1101360023021698,-1.6472610235214233,9.675264358520508,0.0010649999603629112,-0.0010649999603629112,0.0,0.6824159622192383,-0.053549353033304214,0.06514161080121994,-0.7260836362838745,-93.60545349121094,0.028103381046930897,20.0,10.0,,0,A,1.0956050720108834,7.930806823219386,1.0,0.7930806823219385,-45.02813139824631,B,1.0962398145842183,7.981114252621969,1.0,0.7981114252621969,44.971879553431926
20260716_204048,11844569710000,31.036,1,7070827,585214,telemetry_v1,1,0,-0.1101360023021698,-1.6305010318756104,9.694417953491211,0.0010649999603629112,-0.0021299999207258224,0.0021299999207258224,0.6824615597724915,-0.05313502997159958,0.06459830701351166,-0.7261197566986084,-93.60337829589844,0.02883241084495819,20.0,10.0,,0,A,1.0955969477022913,7.930162730642058,1.0,0.7930162730642059,-45.028823988372466,B,1.096248156835986,7.98177523575285,1.0,0.798177523575285,44.97118761008773
20260716_204048,11844629412500,59.7025,1,7070851,585216,telemetry_v1,1,0,-0.1173190027475357,-1.6472610235214233,9.689628601074219,0.0010649999603629112,-0.0010649999603629112,0.0010649999603629112,0.6824835538864136,-0.052973948419094086,0.0649588331580162,-0.7260786890983582,-93.6019287109375,0.03727921430163824,20.0,10.0,,0,A,1.0955013109888756,7.922580323643112,1.0,0.7922580323643112,-45.03730156267113,B,1.096343294621275,7.989312949205124,1.0,0.7989312949205124,44.96276767072974
20260716_204048,11844720097400,90.6849,1,7070875,585218,telemetry_v1,1,0,-0.11492499709129333,-1.635288953781128,9.668081283569336,0.0,-0.0021299999207258224,0.0010649999603629112,0.6825020909309387,-0.05294948071241379,0.06498778611421585,-0.7260605096817017,-93.59933471679688,0.0406022695858425,20.0,10.0,,0,A,1.0954638573719602,7.919610691922774,1.0,0.7919610691922774,-45.040627828152566,B,1.096380894618548,7.992291795594824,1.0,0.7992291795594824,44.95944807976292
20260716_204048,11844765303200,45.2058,1,7070900,585220,telemetry_v1,1,0,-0.12450200319290161,-1.635288953781128,9.675264358520508,0.0,-0.0021299999207258224,0.0,0.6825075745582581,-0.05289505422115326,0.06523620337247849,-0.7260370850563049,-93.59915924072266,0.04480594457067027,20.0,10.0,,0,A,1.0954160939854745,7.915823469317859,1.0,0.791582346931786,-45.04486846985901,B,1.0964280692921613,7.996029047818102,1.0,0.7996029047818103,44.95525347286096
20260716_204048,11844824214000,58.9108,1,7070924,585222,telemetry_v1,1,0,-0.10774199664592743,-1.6424720287322998,9.675264358520508,0.0,-0.0010649999603629112,0.0010649999603629112,0.6824732422828674,-0.053451016545295715,0.06495290994644165,-0.7260539531707764,-93.5976791381836,0.03477074961721564,20.0,10.0,,0,A,1.095530091046564,7.924862175054644,1.0,0.7924862175054643,-45.034789119305,B,1.0963154238723665,7.987104833121019,1.0,0.7987104833121018,44.96522878151716
20260716_204048,11844901085600,76.8716,1,7070948,585224,telemetry_v1,1,0,-0.11492499709129333,-1.6400779485702515,9.680051803588867,0.0010649999603629112,-0.0021299999207258224,0.0,0.6824935078620911,-0.053338807076215744,0.06511127948760986,-0.726029098033905,-93.5959243774414,0.04019697852881217,20.0,10.0,,0,A,1.095468787748608,7.920001618659227,1.0,0.7920001618659227,-45.04023259893918,B,1.0963766751820105,7.991957517327096,1.0,0.7991957517327096,44.95980619223597
20260716_204048,11844914746400,13.6608,1,7070973,585226,telemetry_v1,1,0,-0.1029530018568039,-1.6400779485702515,9.668081283569336,0.0,-0.0021299999207258224,-0.0010649999603629112,0.6824864149093628,-0.05340461805462837,0.06511840224266052,-0.7260302901268005,-93.59622955322266,0.0390685891618353,20.0,10.0,,0,A,1.0954815457619613,7.921013186053474,1.0,0.7921013186053474,-45.03910208237739,B,1.0963639480310996,7.990949220887004,1.0,0.7990949220887005,44.96092793043552
20260716_204048,11844944742500,29.9961,1,7070997,585228,telemetry_v1,1,0,-0.1173190027475357,-1.6592320203781128,9.687234878540039,0.0,-0.0010649999603629112,0.0010649999603629112,0.6824654340744019,-0.05369516834616661,0.06558696925640106,-0.7259864211082458,-93.59595489501953,0.0414397730334812,20.0,10.0,,0,A,1.095454699636709,7.918884575678313,1.0,0.7918884575678313,-45.04149331271185,B,1.0963906556557608,7.993065093588155,1.0,0.7993065093588154,44.958484136494555
20260716_204048,11844960111200,15.3687,1,7071021,585230,telemetry_v1,1,0,-0.10774199664592743,-1.656838059425354,9.677658081054688,0.0,-0.0031950001139193773,0.0010649999603629112,0.6824544668197632,-0.053984373807907104,0.06544129550457001,-0.7259883284568787,-93.59405517578125,0.03736951598760615,20.0,10.0,,0,A,1.0955009088118064,7.92254843626658,1.0,0.792254843626658,-45.03737005592066,B,1.096344938241126,7.989443166537617,1.0,0.7989443166537618,44.96255129934806
20260716_204048,11845064864700,104.7535,1,7071046,585232,telemetry_v1,1,0,-0.1173190027475357,-1.6472610235214233,9.680051803588867,0.0,-0.0010649999603629112,0.0,0.6824967265129089,-0.053497884422540665,0.06555198132991791,-0.7259746193885803,-93.59347534179688,0.04621369177544998,20.0,10.0,,0,A,1.0954008005571678,7.914610798091965,1.0,0.7914610798091964,-45.04628694659692,B,1.0964445777487652,7.99733683586819,1.0,0.7997336835868191,44.95373778741485
20260716_204048,11845094683700,29.819,1,7071070,585234,telemetry_v1,1,0,-0.1173190027475357,-1.6305010318756104,9.68484115600586,0.0,-0.0010649999603629112,0.0010649999603629112,0.6825501322746277,-0.05298205837607384,0.06506006419658661,-0.7260065674781799,-93.59142303466797,0.049014470673113465,20.0,10.0,,0,A,1.0953692443455474,7.912108538466976,1.0,0.7912108538466976,-45.04904972158615,B,1.0964762789584654,7.999848127673606,1.0,0.7999848127673606,44.9510315506906
20260716_204048,11845109847100,15.1634,1,7071095,585236,telemetry_v1,1,0,-0.11253000050783157,-1.6400779485702515,9.670475006103516,0.0,-0.0021299999207258224,0.0,0.6825328469276428,-0.05320456996560097,0.06522274017333984,-0.7259919047355652,-93.5914077758789,0.048052945670229066,20.0,10.0,,0,A,1.0953801554666431,7.912973747364663,1.0,0.7912973747364662,-45.04810599528823,B,1.0964654744462263,7.998992228963518,1.0,0.7998992228963518,44.951960779114984
20260716_204048,11845140156700,30.3096,1,7071119,585238,telemetry_v1,1,0,-0.12450200319290161,-1.6424720287322998,9.668081283569336,0.0010649999603629112,-0.0021299999207258224,0.0010649999603629112,0.6825416684150696,-0.053193021565675735,0.06518338620662689,-0.72598797082901,-93.59015655517578,0.04894176202329108,20.0,10.0,,0,A,1.0953702058299326,7.912184780735382,1.0,0.7912184780735382,-45.04899018635675,B,1.0964756001721527,7.99979435665331,1.0,0.799979435665331,44.95107480182558
20260716_204048,11845169328500,29.1718,1,7071143,585240,telemetry_v1,1,0,-0.1101360023021698,-1.6281059980392456,9.687234878540039,0.0,-0.0021299999207258224,0.0010649999603629112,0.682565450668335,-0.05303242430090904,0.06458111852407455,-0.7260311841964722,-93.58836364746094,0.04506239656477404,20.0,10.0,,0,A,1.0954142826877766,7.9156798458582545,1.0,0.7915679845858254,-45.04504730784883,B,1.09643206335013,7.996345456021333,1.0,0.7996345456021334,44.954963435567706
20260716_204048,11845185813700,16.4852,1,7071167,585242,telemetry_v1,1,0,-0.11253000050783157,-1.6472610235214233,9.66568660736084,0.0010649999603629112,0.0,-0.0010649999603629112,0.6825265884399414,-0.05343490093946457,0.06480154395103455,-0.726018488407135,-93.58951568603516,0.04117832902185291,20.0,10.0,,0,A,1.0954581034182929,7.919154462011982,1.0,0.7919154462011981,-45.04118731838845,B,1.0963881596544591,7.992867353700385,1.0,0.7992867353700385,44.95882548389845
20260716_204048,11845214129000,28.3153,1,7071192,585244,telemetry_v1,1,0,-0.11253000050783157,-1.6328949928283691,9.689628601074219,0.0010649999603629112,-0.0021299999207258224,0.0010649999603629112,0.6825790405273438,-0.05295936018228531,0.06472066044807434,-0.7260113954544067,-93.587158203125,0.049141134908705635,20.0,10.0,,0,A,1.0953682309566413,7.912028180283509,1.0,0.7912028180283509,-45.04913490471579,B,1.0964781319061656,7.999994911383745,1.0,0.7999994911383745,44.95089854447883
20260716_204048,11845229772000,15.643,1,7071216,585246,telemetry_v1,1,0,-0.11253000050783157,-1.6400779485702515,9.658503532409668,0.0010649999603629112,-0.0010649999603629112,0.0,0.682587206363678,-0.05292845889925957,0.06492645293474197,-0.7259876132011414,-93.58626556396484,0.05316816438042323,20.0,10.0,,0,A,1.0953226944686933,7.908417219884785,1.0,0.7908417219884785,-45.05318455487757,B,1.0965235462596876,8.003592392103075,1.0,0.8003592392103075,44.9468825596697
20260716_204048,11845305031700,75.2597,1,7071240,585248,telemetry_v1,1,0,-0.11971300095319748,-1.6424720287322998,9.677658081054688,0.0,-0.0010649999603629112,0.0021299999207258224,0.6825875043869019,-0.053019408136606216,0.06539973616600037,-0.725938081741333,-93.58511352539062,0.059260291557422504,20.0,10.0,,0,A,1.0952536868378955,7.902944754550019,1.0,0.7902944754550019,-45.05934590670038,B,1.0965921264648801,8.00902466456604,1.0,0.800902466456604,44.94077306277541
20260716_204048,11845364956300,59.9246,1,7071265,585250,telemetry_v1,1,0,-0.09337600320577621,-1.6448659896850586,9.687234878540039,0.0021299999207258224,-0.0021299999207258224,0.0,0.6825433373451233,-0.0536118820309639,0.06492528319358826,-0.7259787917137146,-93.58473205566406,0.04512184899258042,20.0,10.0,,0,A,1.095413800722171,7.915641629257952,1.0,0.7915641629257952,-45.045131700265166,B,1.0964329264791912,7.996413832723072,1.0,0.7996413832723072,44.95486925791203
20260716_204048,11845379234500,14.2782,1,7071289,585252,telemetry_v1,1,0,-0.12450200319290161,-1.6424720287322998,9.682445526123047,0.0010649999603629112,-0.0021299999207258224,0.0,0.6825604438781738,-0.05341969430446625,0.06532252579927444,-0.7259411811828613,-93.58444213867188,0.053323496159141226,20.0,10.0,,0,A,1.0953211161626837,7.908292060406574,1.0,0.7908292060406574,-45.053375780651805,B,1.0965254787140464,8.003745467434257,1.0,0.8003745467434256,44.94665852571916
20260716_204048,11845409089600,29.8551,1,7071313,585254,telemetry_v1,1,0,-0.11492499709129333,-1.6472610235214233,9.687234878540039,0.0,0.0,0.0,0.6825690269470215,-0.05334708094596863,0.06528696417808533,-0.7259415984153748,-93.58397674560547,0.054328159154851195,20.0,10.0,,0,A,1.095309780578869,7.907393144663658,1.0,0.7907393144663657,-45.05438126937816,B,1.0965368338298738,8.004644933740718,1.0,0.8004644933740718,44.945664570920975
20260716_204048,11845425165700,16.0761,1,7071337,585256,telemetry_v1,1,0,-0.10774199664592743,-1.6233179569244385,9.675264358520508,0.0,-0.0010649999603629112,0.0,0.6825801730155945,-0.05326450988650322,0.06468894332647324,-0.7259908318519592,-93.58323669433594,0.04837551926981186,20.0,10.0,,0,A,1.0953771519371032,7.912735580169966,1.0,0.7912735580169966,-45.048377081911774,B,1.0964697647795183,7.9993320963779135,1.0,0.7999332096377914,44.951637701036745
20260716_204048,11845438870300,13.7046,1,7071362,585258,telemetry_v1,1,0,-0.11253000050783157,-1.6400779485702515,9.680051803588867,0.0,-0.0010649999603629112,0.0,0.6825894117355347,-0.05315693840384483,0.0649191290140152,-0.7259694337844849,-93.5831069946289,0.053024789405162996,20.0,10.0,,0,A,1.095324615279035,7.908569539672358,1.0,0.7908569539672359,-45.05304375810287,B,1.0965222332811415,8.003488387099106,1.0,0.8003488387099106,44.946999596662174
20260716_204048,11845454320100,15.4498,1,7071386,585260,telemetry_v1,1,0,-0.09337600320577621,-1.6257120370864868,9.672868728637695,0.0010649999603629112,-0.0010649999603629112,0.0010649999603629112,0.6825775504112244,-0.053414203226566315,0.06425444781780243,-0.726020872592926,-93.58177185058594,0.042023721037964236,20.0,10.0,,0,A,1.0954487452210706,7.918412447185243,1.0,0.7918412447185242,-45.042017633670525,B,1.0963978973278994,7.993638795643515,1.0,0.7993638795643515,44.957968540118834
20260716_204048,11845462089300,7.7692,1,7071410,585262,telemetry_v1,1,0,-0.10534799844026566,-1.6424720287322998,9.680051803588867,0.0,-0.0021299999207258224,0.0010649999603629112,0.6825667023658752,-0.05359332635998726,0.06492457538843155,-0.7259581685066223,-93.58128356933594,0.04881168429928052,20.0,10.0,,0,A,1.09537231987601,7.912352416783001,1.0,0.7912352416783002,-45.048822173425705,B,1.0964747849605114,7.999729778463172,1.0,0.7999729778463172,44.951180311147326
20260716_204048,11845477869500,15.7802,1,7071434,585264,telemetry_v1,1,0,-0.1101360023021698,-1.652048945426941,9.692024230957031,0.0,0.0,0.0010649999603629112,0.6825845837593079,-0.05350446701049805,0.0649452656507492,-0.7259461283683777,-93.57959747314453,0.05202484241024933,20.0,10.0,,0,A,1.0953361496780665,7.909484209060072,1.0,0.7909484209060071,-45.0520399557366,B,1.096511186991175,8.00261337211145,1.0,0.8002613372111449,44.947971102770076
20260716_204048,11845484663200,6.7937,1,7071459,585266,telemetry_v1,1,0,-0.09337600320577621,-1.656838059425354,9.668081283569336,0.0,-0.0010649999603629112,0.0010649999603629112,0.6825433373451233,-0.05409823730587959,0.06511984765529633,-0.7259252071380615,-93.57868957519531,0.04691620349436861,20.0,10.0,,0,A,1.0953937351511518,7.914050550785315,1.0,0.7914050550785314,-45.04688989700736,B,1.0964533899166427,7.998034921404179,1.0,0.7998034921404179,44.95304529166588
20260716_204048,11845500148900,15.4857,1,7071483,585268,telemetry_v1,1,0,-0.11971300095319748,-1.6305010318756104,9.68484115600586,-0.0010649999603629112,0.0,0.0,0.682593584060669,-0.05353962630033493,0.06484003365039825,-0.7259445190429688,-93.57774353027344,0.05199691702586425,20.0,10.0,,0,A,1.0953365469869967,7.909515715195385,1.0,0.7909515715195385,-45.052005302049466,B,1.0965109547567047,8.002594975917983,1.0,0.8002594975917983,44.94800065393361
20260716_204048,11845529286300,29.1374,1,7071507,585270,telemetry_v1,1,0,-0.10774199664592743,-1.6616259813308716,9.670475006103516,0.0010649999603629112,0.0,0.0010649999603629112,0.6825608015060425,-0.05403144657611847,0.0651632696390152,-0.725909948348999,-93.57679748535156,0.05031692691980135,20.0,10.0,,0,A,1.0953554968616426,7.911018404907486,1.0,0.7911018404907486,-45.05029911835777,B,1.0964919609697559,8.001090391167388,1.0,0.8001090391167387,44.94964034764448
20260716_204048,11845544596300,15.31,1,7071532,585272,telemetry_v1,1,0,-0.11253000050783157,-1.6328949928283691,9.689628601074219,0.0,-0.0010649999603629112,0.0,0.6826130747795105,-0.053452298045158386,0.06480171531438828,-0.7259359359741211,-93.57575225830078,0.054702425914586975,20.0,10.0,,0,A,1.0953061298160245,7.907103635918558,1.0,0.7907103635918558,-45.05471074849991,B,1.0965416445596488,8.005026000522562,1.0,0.8005026000522563,44.945300139299924
20260716_204048,11845574649700,30.0534,3,7071611,585276,telemetry_v1,1,0,-0.11492499709129333,-1.6496549844741821,9.682445526123047,0.0010649999603629112,-0.0010649999603629112,0.0010649999603629112,0.6826783418655396,-0.05317284166812897,0.06445613503456116,-0.7259259223937988,-93.56895446777344,0.06087220576117799,20.0,10.0,,0,A,1.0952368875521068,7.901612479998661,1.0,0.7901612479998661,-45.06085732967133,B,1.0966117553912993,8.010579419142259,1.0,0.8010579419142259,44.93913642237087
20260716_204048,11845582121000,7.4713,1,7071635,585278,telemetry_v1,1,0,-0.09816499799489975,-1.6472610235214233,9.687234878540039,0.0010649999603629112,-0.0021299999207258224,0.0010649999603629112,0.682632327079773,-0.0537910982966423,0.06469932943582535,-0.7259019017219543,-93.56852722167969,0.05583474187851133,20.0,10.0,,0,A,1.0952935436416424,7.906105533682217,1.0,0.7906105533682217,-45.05583150747398,B,1.0965546351886883,8.00605500386556,1.0,0.800605500386556,44.944162054425654
20260716_204048,11845605316300,23.1953,1,7071660,585280,telemetry_v1,1,0,-0.1268959939479828,-1.6400779485702515,9.66568660736084,0.0,-0.0010649999603629112,0.0021299999207258224,0.6826527714729309,-0.053786806762218475,0.06467942148447037,-0.7258848547935486,-93.56539154052734,0.05877859908998243,20.0,10.0,,0,A,1.0952604895495748,7.903484240699194,1.0,0.7903484240699193,-45.05877551149871,B,1.0965880720785224,8.008703524037072,1.0,0.8008703524037073,44.941218981236624
20260716_204048,11845626532700,21.2164,1,7071684,585282,telemetry_v1,1,0,-0.10774199664592743,-1.6496549844741821,9.694417953491211,0.0010649999603629112,-0.0021299999207258224,0.0,0.6826752424240112,-0.05361497774720192,0.06475154310464859,-0.7258699536323547,-93.56399536132812,0.06352410981308348,20.0,10.0,,0,A,1.0952071952104854,7.899257666155535,1.0,0.7899257666155535,-45.063526979835984,B,1.0966419611407983,8.012971881123486,1.0,0.8012971881123486,44.93647315111392
20260716_204048,11845657263600,30.7309,1,7071708,585284,telemetry_v1,1,0,-0.11971300095319748,-1.6400779485702515,9.672868728637695,0.0010649999603629112,0.0,0.0,0.6826729774475098,-0.053632915019989014,0.0648905336856842,-0.7258583307266235,-93.56413269042969,0.0649618536413935,20.0,10.0,,0,A,1.0951910217998164,7.8979749728164474,1.0,0.7897974972816447,-45.06496838218085,B,1.0966582604725716,8.014262850736902,1.0,0.8014262850736902,44.93502991786119
20260716_204048,11845664781400,7.5178,1,7071733,585286,telemetry_v1,1,0,-0.13168500363826752,-1.6305010318756104,9.672868728637695,0.0010649999603629112,-0.0021299999207258224,0.0,0.6827252507209778,-0.05308809131383896,0.06480037420988083,-0.7258573770523071,-93.56266021728516,0.0728778926522409,20.0,10.0,,0,A,1.0951019007680518,7.890906553439401,1.0,0.7890906553439402,-45.07288364592434,B,1.0967479279145973,8.021364513074877,1.0,0.8021364513074878,44.927150305749144
20260716_204048,11845680492300,15.7109,1,7071757,585288,telemetry_v1,1,0,-0.10534799844026566,-1.656838059425354,9.670475006103516,0.0,-0.0010649999603629112,0.0021299999207258224,0.6826926469802856,-0.053638629615306854,0.06520844250917435,-0.7258110046386719,-93.56100463867188,0.07219296608960286,20.0,10.0,,0,A,1.0951097378801864,7.891528158127101,1.0,0.7891528158127101,-45.07221581808002,B,1.0967402981232877,8.020760256124776,1.0,0.8020760256124776,44.92777791478381
20260716_204048,11845694336100,13.8438,1,7071781,585290,telemetry_v1,1,0,-0.10774199664592743,-1.6424720287322998,9.682445526123047,0.0,-0.0010649999603629112,0.0,0.6827026009559631,-0.053566332906484604,0.06480637192726135,-0.7258429527282715,-93.56031799316406,0.06860728906131368,20.0,10.0,,0,A,1.0951501367575165,7.894732345850159,1.0,0.7894732345850158,-45.06861298061353,B,1.096699712955853,8.01754596000962,1.0,0.801754596000962,44.93138997379873
20260716_204048,11845731567400,37.2313,3,7071860,585294,telemetry_v1,1,0,-0.10055900365114212,-1.635288953781128,9.682445526123047,0.0010649999603629112,-0.0021299999207258224,0.0010649999603629112,0.6828088760375977,-0.0526566207408905,0.06485456228256226,-0.7258051633834839,-93.55479431152344,0.08747561059185235,20.0,10.0,,0,A,1.0949377261084132,7.877883930833315,1.0,0.7877883930833316,-45.08746815950068,B,1.0969134493848756,8.034472290247528,1.0,0.8034472290247529,44.91260646346646
20260716_204048,11845739223100,7.6557,1,7071884,585296,telemetry_v1,1,0,-0.1101360023021698,-1.6281059980392456,9.675264358520508,0.0010649999603629112,-0.0021299999207258224,0.0,0.6827965378761292,-0.05297059565782547,0.06459002941846848,-0.7258176207542419,-93.55290222167969,0.0815062178623133,20.0,10.0,,0,A,1.0950053051741953,7.883244657564821,1.0,0.7883244657564821,-45.081487970038864,B,1.096846217802697,8.029148406214908,1.0,0.8029148406214908,44.918522534231606
20260716_204048,11845747437600,8.2145,1,7071909,585298,telemetry_v1,1,0,-0.1101360023021698,-1.652048945426941,9.670475006103516,0.0,0.0,0.0010649999603629112,0.6827755570411682,-0.05334917828440666,0.06459367275238037,-0.7258092164993286,-93.55152893066406,0.07762173271518101,20.0,10.0,,0,A,1.0950490794778178,7.886716888875274,1.0,0.7886716888875274,-45.07761986917383,B,1.0968022605009093,8.025667371984104,1.0,0.8025667371984104,44.922384072881506
20260716_204048,11845769163700,21.7261,1,7071933,585300,telemetry_v1,1,0,-0.1173190027475357,-1.6376830339431763,9.66568660736084,0.0,-0.0010649999603629112,0.0010649999603629112,0.6827812790870667,-0.05340610444545746,0.06488826870918274,-0.7257735133171082,-93.54997253417969,0.08227125379040179,20.0,10.0,,0,A,1.0949968671654842,7.882575328434877,1.0,0.7882575328434877,-45.08228430874305,B,1.096855062276024,8.029848794366403,1.0,0.8029848794366403,44.91773179197081
20260716_204048,11845776941500,7.7778,1,7071958,585302,telemetry_v1,1,0,-0.1101360023021698,-1.6424720287322998,9.689628601074219,0.0010649999603629112,-0.0021299999207258224,0.0,0.6827867031097412,-0.053423020988702774,0.06488596647977829,-0.7257673144340515,-93.54890441894531,0.08306787644626984,20.0,10.0,,0,A,1.09498795975034,7.881868758928516,1.0,0.7881868758928516,-45.08308040300308,B,1.096864148197541,8.030568296763798,1.0,0.8030568296763798,44.916934149898985
20260716_204048,11845791666800,14.7253,1,7071982,585304,telemetry_v1,1,0,-0.13168500363826752,-1.6424720287322998,9.680051803588867,0.0,-0.0021299999207258224,0.0,0.6827991008758545,-0.053329240530729294,0.06533610075712204,-0.7257222533226013,-93.54815673828125,0.09105588772490596,20.0,10.0,,0,A,1.0948980025963828,7.87473269864683,1.0,0.787473269864683,-45.09111255052758,B,1.0969546003946815,8.037730764518562,1.0,0.8037730764518562,44.90893443460907
20260716_204048,11845799641800,7.975,1,7072006,585306,telemetry_v1,1,0,-0.10774199664592743,-1.635288953781128,9.677658081054688,0.0010649999603629112,-0.0021299999207258224,0.0021299999207258224,0.6828050017356873,-0.053454384207725525,0.06525871902704239,-0.7257143259048462,-93.54566192626953,0.09077032722019537,20.0,10.0,,0,A,1.0949014480204158,7.875006025712448,1.0,0.7875006025712449,-45.09081008967777,B,1.0969516022016559,8.037493361718887,1.0,0.8037493361718886,44.9092118008505
20260716_204048,11845814124100,14.4823,1,7072031,585308,telemetry_v1,1,0,-0.12210799753665924,-1.6376830339431763,9.677658081054688,0.0,-0.0021299999207258224,0.0,0.6828495264053345,-0.0529724545776844,0.0651329755783081,-0.725719153881073,-93.54460906982422,0.09691672878329606,20.0,10.0,,0,A,1.09483219897021,7.869512301773411,1.0,0.7869512301773411,-45.09695897532932,B,1.097021167163454,8.043001484604414,1.0,0.8043001484604413,44.90312694395419
20260716_204048,11845822415300,8.2912,1,7072055,585310,telemetry_v1,1,0,-0.11971300095319748,-1.6472610235214233,9.66568660736084,0.0,-0.0021299999207258224,-0.0010649999603629112,0.6828216314315796,-0.05331655219197273,0.06534549593925476,-0.7257010340690613,-93.54476165771484,0.09474108816982998,20.0,10.0,,0,A,1.0948567481325977,7.871459896343852,1.0,0.7871459896343852,-45.094799378619705,B,1.0969965815649099,8.041054847702567,1.0,0.8041054847702567,44.90525000515374
20260716_204048,11845836404000,13.9887,1,7072079,585312,telemetry_v1,1,0,-0.10774199664592743,-1.6496549844741821,9.689628601074219,-0.0010649999603629112,-0.0010649999603629112,0.0,0.682811975479126,-0.053412165492773056,0.06535837799310684,-0.7257018685340881,-93.54509735107422,0.09324135883402611,20.0,10.0,,0,A,1.094873637084576,7.872799746893298,1.0,0.7872799746893299,-45.09329438016926,B,1.0969795995250562,8.03971021939464,1.0,0.803971021939464,44.90673765983446
20260716_204048,11845852254300,15.8503,1,7072104,585314,telemetry_v1,1,0,-0.1029530018568039,-1.6400779485702515,9.675264358520508,0.0010649999603629112,-0.0010649999603629112,0.0010649999603629112,0.6828060150146484,-0.05364726856350899,0.06479018181562424,-0.7257412075996399,-93.5431137084961,0.08447154065413458,20.0,10.0,,0,A,1.094972395702099,7.880634146575752,1.0,0.7880634146575751,-45.084473771720006,B,1.0968802917805314,8.031846671561377,1.0,0.8031846671561377,44.91552379944907
20260716_204048,11845866621200,14.3669,1,7072128,585316,telemetry_v1,1,0,-0.13168500363826752,-1.652048945426941,9.675264358520508,0.0,-0.0010649999603629112,0.0010649999603629112,0.6828293204307556,-0.05345642939209938,0.0654311552643776,-0.7256758213043213,-93.5418472290039,0.09683400093611343,20.0,10.0,,0,A,1.0948334246159304,7.869609538751969,1.0,0.7869609538751969,-45.09689108216989,B,1.0970205322538529,8.042951214322617,1.0,0.8042951214322618,44.90313371729775
20260716_204048,11845873875800,7.2546,1,7072153,585318,telemetry_v1,1,0,-0.10774199664592743,-1.6448659896850586,9.692024230957031,0.0010649999603629112,-0.0010649999603629112,0.0010649999603629112,0.6828285455703735,-0.05364229902625084,0.06477450579404831,-0.7257217168807983,-93.53963470458984,0.0878112590750838,20.0,10.0,,0,A,1.0949350093102068,7.877668413200654,1.0,0.7877668413200655,-45.08781321418778,B,1.0969183387483314,8.034859452760251,1.0,0.8034859452760251,44.91218471808878
20260716_204048,11845882219100,8.3433,1,7072177,585320,telemetry_v1,1,0,-0.1101360023021698,-1.6305010318756104,9.687234878540039,0.0,-0.0021299999207258224,0.0010649999603629112,0.6828815340995789,-0.05311213433742523,0.06465188413858414,-0.7257218360900879,-93.53785705566406,0.09539244387312526,20.0,10.0,,0,A,1.0948499638331113,7.870921671966244,1.0,0.7870921671966244,-45.095386254578564,B,1.0970045223488387,8.041683587339234,1.0,0.8041683587339233,44.904627511427236
20260716_204048,11845904395500,22.1764,1,7072201,585322,telemetry_v1,1,0,-0.08858799934387207,-1.6376830339431763,9.656108856201172,0.0,-0.0010649999603629112,0.0010649999603629112,0.6828538179397583,-0.05361708626151085,0.064684197306633,-0.7257078289985657,-93.53598022460938,0.09063321548028053,20.0,10.0,,0,A,1.0949034391561292,7.875163983027851,1.0,0.7875163983027851,-45.09063413898461,B,1.0969505077978046,8.037406704515474,1.0,0.8037406704515473,44.90936546424457
20260716_204048,11845926530400,22.1349,1,7072226,585324,telemetry_v1,1,0,-0.11492499709129333,-1.6472610235214233,9.675264358520508,0.0010649999603629112,-0.0021299999207258224,0.0,0.6828724145889282,-0.05334998294711113,0.06494434177875519,-0.72568678855896,-93.53636932373047,0.09739488617574149,20.0,10.0,,0,A,1.094827539185045,7.869142615296802,1.0,0.7869142615296802,-45.09741227239736,B,1.097027325733957,8.043489100661114,1.0,0.8043489100661115,44.90261042023995
20260716_204048,11845934479000,7.9486,1,7072250,585326,telemetry_v1,1,0,-0.11492499709129333,-1.6376830339431763,9.689628601074219,0.0010649999603629112,-0.0010649999603629112,0.0010649999603629112,0.6828905940055847,-0.05332178622484207,0.06499440968036652,-0.7256672978401184,-93.53387451171875,0.10094626891132347,20.0,10.0,,0,A,1.0947877668418835,7.865987191762488,1.0,0.7865987191762489,-45.10096803156488,B,1.097067766207261,8.046690980920191,1.0,0.8046690980920191,44.899059999944505
20260716_204048,11845971579800,37.1008,1,7072274,585328,telemetry_v1,1,0,-0.10534799844026566,-1.6257120370864868,9.677658081054688,0.0,-0.0010649999603629112,0.0,0.6829175353050232,-0.05306567996740341,0.06430086493492126,-0.7257224917411804,-93.53274536132812,0.09652341245881944,20.0,10.0,,0,A,1.0948374901709503,7.8699320800250145,1.0,0.7869932080025015,-45.09649471006058,B,1.097017598324478,8.042718914013887,1.0,0.8042718914013887,44.90347641036353
20260716_204048,11845986557500,14.9777,1,7072299,585330,telemetry_v1,1,0,-0.11492499709129333,-1.6496549844741821,9.692024230957031,0.0,-0.0021299999207258224,0.0010649999603629112,0.6828998923301697,-0.053385909646749496,0.0648643895983696,-0.7256655097007751,-93.53162384033203,0.10059069045308275,20.0,10.0,,0,A,1.094791896157781,7.866314805164936,1.0,0.7866314805164936,-45.100601910304825,B,1.097063868378748,8.046382374929928,1.0,0.8046382374929928,44.8994135423957
20260716_204048,11845994972000,8.4145,1,7072323,585332,telemetry_v1,1,0,-0.09816499799489975,-1.6305010318756104,9.670475006103516,0.0010649999603629112,-0.0031950001139193773,0.0,0.6828900575637817,-0.05355268344283104,0.06478729099035263,-0.7256694436073303,-93.53111267089844,0.097758123487598,20.0,10.0,,0,A,1.0948236944906165,7.868837593282464,1.0,0.7868837593282464,-45.09776262143935,B,1.0970316912547882,8.043834747080474,1.0,0.8043834747080474,44.90223988055707
20260716_204048,11846003646200,8.6742,1,7072347,585334,telemetry_v1,1,0,-0.11492499709129333,-1.6400779485702515,9.680051803588867,0.0,-0.0021299999207258224,0.0010649999603629112,0.6829398274421692,-0.05297917127609253,0.06502547860145569,-0.7256432771682739,-93.53034973144531,0.10966000974257488,20.0,10.0,,0,A,1.0946899641455712,7.8582273190310605,1.0,0.7858227319031061,-45.10968713342352,B,1.0971667673224974,8.054528910261213,1.0,0.8054528910261214,44.89038148668881
20260716_204048,11846018047400,14.4012,1,7072372,585336,telemetry_v1,1,0,-0.1101360023021698,-1.6257120370864868,9.68484115600586,0.0,-0.0021299999207258224,0.0010649999603629112,0.6829726099967957,-0.05276975408196449,0.06453196704387665,-0.7256717085838318,-93.5277328491211,0.10871112687854743,20.0,10.0,,0,A,1.0947008869761923,7.859093993898747,1.0,0.7859093993898747,-45.10867201788588,B,1.0971562675064659,8.053697672181658,1.0,0.8053697672181658,44.89132918476349
20260716_204048,11846024898100,6.8507,1,7072396,585338,telemetry_v1,1,0,-0.09816499799489975,-1.6376830339431763,9.682445526123047,0.0,-0.0010649999603629112,0.0,0.6829152703285217,-0.053489744663238525,0.06442689150571823,-0.725682258605957,-93.52788543701172,0.0971068410782251,20.0,10.0,,0,A,1.094831030523253,7.869419602574941,1.0,0.7869419602574941,-45.0971051942186,B,1.0970243182476689,8.043250977788697,1.0,0.8043250977788696,44.902891593305114
20260716_204048,11846053635700,28.7376,1,7072421,585340,telemetry_v1,1,0,-0.10534799844026566,-1.6424720287322998,9.680051803588867,0.0,-0.0021299999207258224,0.0010649999603629112,0.682898759841919,-0.05381200090050697,0.06483276933431625,-0.7256379723548889,-93.52653503417969,0.09930734435267695,20.0,10.0,,0,A,1.094806422208707,7.867467269287366,1.0,0.7867467269287366,-45.09930217013221,B,1.0970494124725698,8.04523783597855,1.0,0.8045237835978549,44.9006839317614
20260716_204048,11846061155400,7.5197,1,7072445,585342,telemetry_v1,1,0,-0.11971300095319748,-1.6400779485702515,9.68484115600586,0.0,-0.0010649999603629112,0.0010649999603629112,0.6829632520675659,-0.05316775292158127,0.0650646910071373,-0.7256039381027222,-93.52437591552734,0.11351930261042198,20.0,10.0,,0,A,1.094647077294541,7.8548243669229985,1.0,0.7854824366922998,-45.11355012267601,B,1.0972110567294964,8.058035078589787,1.0,0.8058035078589787,44.88649966562362
20260716_204048,11846069966900,8.8115,1,7072469,585344,telemetry_v1,1,0,-0.10534799844026566,-1.6400779485702515,9.682445526123047,-0.0010649999603629112,-0.0021299999207258224,0.0010649999603629112,0.6829394698143005,-0.053631022572517395,0.06448168307542801,-0.7256442308425903,-93.5223617553711,0.10138637728494047,20.0,10.0,,0,A,1.094783176487596,7.865622998851891,1.0,0.7865622998851891,-45.10138680810172,B,1.0970731257073605,8.047115311249662,1.0,0.8047115311249663,44.89861359486459
20260716_204048,11846106959000,36.9921,1,7072494,585346,telemetry_v1,1,0,-0.09577000141143799,-1.6376830339431763,9.682445526123047,0.0,-0.0021299999207258224,0.0,0.6829372644424438,-0.053700271993875504,0.06421786546707153,-0.7256646156311035,-93.5218505859375,0.09746928166185158,20.0,10.0,,0,A,1.094826865656544,7.869089180433159,1.0,0.7869089180433159,-45.09747845571708,B,1.097028336804207,8.04356915373142,1.0,0.804356915373142,44.90252800235662
20260716_204048,11846125439900,18.4809,1,7072518,585348,telemetry_v1,1,0,-0.10055900365114212,-1.6376830339431763,9.687234878540039,0.0010649999603629112,-0.0021299999207258224,0.0010649999603629112,0.6829603910446167,-0.05350830405950546,0.06437069177627563,-0.7256435751914978,-93.5206069946289,0.10340231014580191,20.0,10.0,,0,A,1.094760645854117,7.863835424710786,1.0,0.7863835424710786,-45.10340151379935,B,1.0970961290055723,8.048936539116728,1.0,0.8048936539116727,44.8965944416712
20260716_204048,11846144052000,18.6121,1,7072542,585350,telemetry_v1,1,0,-0.12210799753665924,-1.6472610235214233,9.663291931152344,0.0010649999603629112,-0.0010649999603629112,0.0010649999603629112,0.6829668283462524,-0.05346997454762459,0.065058134496212,-0.7255788445472717,-93.52008056640625,0.11349652723039433,20.0,10.0,,0,A,1.0946476482325764,7.854869670140591,1.0,0.7854869670140591,-45.113517100752276,B,1.0972111231287012,8.05804033497272,1.0,0.805804033497272,44.88649579631176
20260716_204048,11846152738400,8.6864,1,7072567,585352,telemetry_v1,1,0,-0.1029530018568039,-1.6448659896850586,9.682445526123047,0.0,-0.0021299999207258224,0.0010649999603629112,0.6829744577407837,-0.053463976830244064,0.0650184154510498,-0.7255756258964539,-93.51895141601562,0.11418554130173818,20.0,10.0,,0,A,1.0946399813997294,7.85426131459076,1.0,0.785426131459076,-45.11420364959972,B,1.0972190199692429,8.058665472989992,1.0,0.8058665472989991,44.885808978470436
20260716_204048,11846174253200,21.5148,1,7072591,585354,telemetry_v1,1,0,-0.1101360023021698,-1.6328949928283691,9.672868728637695,0.0021299999207258224,-0.0010649999603629112,0.0010649999603629112,0.6830100417137146,-0.05313287302851677,0.06474290043115616,-0.725591242313385,-93.51744842529297,0.11670055083340983,20.0,10.0,,0,A,1.0946118508951117,7.852029150570323,1.0,0.7852029150570323,-45.11670147572482,B,1.097247694667489,8.060935411856896,1.0,0.8060935411856895,44.883319713206596
20260716_204048,11846182005400,7.7522,1,7072615,585356,telemetry_v1,1,0,-0.1029530018568039,-1.635288953781128,9.66568660736084,-0.0010649999603629112,-0.0021299999207258224,0.0010649999603629112,0.6829807162284851,-0.05364294350147247,0.06429415196180344,-0.725621223449707,-93.5157470703125,0.10537303666133144,20.0,10.0,,0,A,1.0947385721347622,7.862084066330303,1.0,0.7862084066330304,-45.105377808197396,B,1.0971185666888728,8.05071294906669,1.0,0.8050712949066691,44.89462419767244
20260716_204048,11846196620400,14.615,1,7072640,585358,telemetry_v1,1,0,-0.13647300004959106,-1.656838059425354,9.658503532409668,0.0,-0.0021299999207258224,0.0010649999603629112,0.6830248832702637,-0.053278081119060516,0.06476272642612457,-0.7255648374557495,-93.51333618164062,0.11904195106691269,20.0,10.0,,0,A,1.0945858219517128,7.849963694969193,1.0,0.7849963694969193,-45.11904678394839,B,1.097274554780358,8.063061651188635,1.0,0.8063061651188635,44.88096856034315
20260716_204048,11846234233000,37.6126,1,7072664,585360,telemetry_v1,1,0,-0.09337600320577621,-1.6376830339431763,9.670475006103516,0.0010649999603629112,-0.0021299999207258224,0.0010649999603629112,0.6830065250396729,-0.0536327101290226,0.06476161628961563,-0.7255561351776123,-93.51184844970703,0.11556136017349133,20.0,10.0,,0,A,1.0946248260222402,7.853058737946306,1.0,0.7853058737946306,-45.11556262877348,B,1.0972349469322762,8.0599262863428,1.0,0.8059926286342799,44.884435288558784
20260716_204048,11846241592700,7.3597,1,7072688,585362,telemetry_v1,1,0,-0.10534799844026566,-1.6281059980392456,9.682445526123047,0.0010649999603629112,-0.0010649999603629112,0.0,0.6830488443374634,-0.05321625992655754,0.06462760269641876,-0.7255587577819824,-93.51030731201172,0.12114229056358469,20.0,10.0,,0,A,1.0945624315214322,7.848107569458362,1.0,0.7848107569458362,-45.121138125211296,B,1.0972986068301889,8.064965560833244,1.0,0.8064965560833244,44.87886889803866
20260716_204048,11846257255200,15.6625,1,7072713,585364,telemetry_v1,1,0,-0.10774199664592743,-1.6305010318756104,9.682445526123047,0.0010649999603629112,-0.0010649999603629112,0.0,0.6830510497093201,-0.053259145468473434,0.06454139947891235,-0.725561261177063,-93.50944519042969,0.12028179431505712,20.0,10.0,,0,A,1.094572095257135,7.848874430889497,1.0,0.7848874430889496,-45.12027515082776,B,1.0972888363515283,8.064192155338551,1.0,0.8064192155338551,44.879724414711056
20260716_204048,11846264473100,7.2179,1,7072737,585366,telemetry_v1,1,0,-0.1173190027475357,-1.6400779485702515,9.68484115600586,-0.0010649999603629112,-0.0021299999207258224,0.0010649999603629112,0.6830737590789795,-0.05304008722305298,0.06513500958681107,-0.7255028486251831,-93.50860595703125,0.13199773218138006,20.0,10.0,,0,A,1.0944407281458413,7.838449272846211,1.0,0.7838449272846211,-45.13203739524505,B,1.0974220761940177,8.074738478884509,1.0,0.8074738478884509,44.8680342739289
20260716_204048,11846294699600,30.2265,1,7072762,585368,telemetry_v1,1,0,-0.1029530018568039,-1.6496549844741821,9.672868728637695,0.0,-0.0021299999207258224,0.0010649999603629112,0.683036208152771,-0.05365496501326561,0.0649230107665062,-0.7255120873451233,-93.50691986083984,0.12229852032777028,20.0,10.0,,0,A,1.0945496125017864,7.847090311431606,1.0,0.7847090311431606,-45.1223026259521,B,1.0973119066585701,8.066018329338782,1.0,0.8066018329338782,44.87769108707922
20260716_204048,11846302279800,7.5802,1,7072786,585370,telemetry_v1,1,0,-0.11492499709129333,-1.6424720287322998,9.692024230957031,0.0,-0.0021299999207258224,0.0,0.6830644011497498,-0.053345877677202225,0.06511306762695312,-0.7254913449287415,-93.50633239746094,0.12971199320884094,20.0,10.0,,0,A,1.0944666086371937,7.840503220840253,1.0,0.7840503220840254,-45.12974143526215,B,1.0973963423312165,8.072701668090723,1.0,0.8072701668090722,44.87028736150973
20260716_204048,11846318593000,16.3132,1,7072811,585372,telemetry_v1,1,0,-0.11492499709129333,-1.6400779485702515,9.680051803588867,0.0,-0.0010649999603629112,0.0010649999603629112,0.6830687522888184,-0.053376704454422,0.06511998921632767,-0.725484311580658,-93.50526428222656,0.13043759717665915,20.0,10.0,,0,A,1.0944585464664056,7.839863389683421,1.0,0.7839863389683421,-45.13046625965773,B,1.097404670639933,8.073360851041315,1.0,0.8073360851041314,44.86955873245165
20260716_204048,11846363116600,44.5236,1,7072835,585374,telemetry_v1,1,0,-0.11971300095319748,-1.6472610235214233,9.692024230957031,0.0,-0.0021299999207258224,0.0010649999603629112,0.6831102967262268,-0.05301685631275177,0.06531217694282532,-0.7254543900489807,-93.5031967163086,0.1400756153431489,20.0,10.0,,0,A,1.0943504568449542,7.831284710389902,1.0,0.7831284710389902,-45.14013970603324,B,1.097514252973699,8.082033791512364,1.0,0.8082033791512364,44.85995541343906
20260716_204048,11846376840700,13.7241,1,7072860,585376,telemetry_v1,1,0,-0.11253000050783157,-1.6328949928283691,9.68484115600586,0.0010649999603629112,-0.0021299999207258224,0.0,0.6831324696540833,-0.05287405475974083,0.0648469552397728,-0.725485622882843,-93.50141906738281,0.1377133108208275,20.0,10.0,,0,A,1.0943772081486425,7.833407942761278,1.0,0.7833407942761278,-45.13771482567328,B,1.09748766262278,8.07992936643746,1.0,0.807992936643746,44.86233420975743
20260716_204048,11846407551400,30.7107,1,7072884,585378,telemetry_v1,1,0,-0.10534799844026566,-1.6376830339431763,9.675264358520508,0.0,-0.0010649999603629112,0.0010649999603629112,0.6830913424491882,-0.05344727262854576,0.06469643861055374,-0.7254957556724548,-93.5008316040039,0.12831293500113308,20.0,10.0,,0,A,1.0944825476976392,7.841768164976261,1.0,0.784176816497626,-45.12831516577107,B,1.0973806923801646,8.071462965976291,1.0,0.8071462965976293,44.871689220006814
20260716_204048,11846421742100,14.1907,1,7072909,585380,telemetry_v1,1,0,-0.10055900365114212,-1.6424720287322998,9.675264358520508,0.0,-0.0021299999207258224,0.0,0.6830996870994568,-0.0534341000020504,0.06470567733049393,-0.7254878878593445,-93.4996566772461,0.12977677728788337,20.0,10.0,,0,A,1.0944662222633594,7.840472557492012,1.0,0.7840472557492012,-45.12977930427763,B,1.0973974312826702,8.072787858531596,1.0,0.8072787858531596,44.87022577614699
20260716_204048,11846452884000,31.1419,1,7072933,585382,telemetry_v1,1,0,-0.1268959939479828,-1.6544430255889893,9.675264358520508,0.0,-0.0021299999207258224,0.0,0.6831146478652954,-0.05324995517730713,0.0653308853507042,-0.7254313826560974,-93.49962615966797,0.14061620191480498,20.0,10.0,,0,A,1.0943447768769283,7.830833888597434,1.0,0.7830833888597434,-45.14067256553843,B,1.0975207966980538,8.082551669963339,1.0,0.8082551669963338,44.85938213088414
20260716_204048,11846475124700,22.2407,1,7072958,585384,telemetry_v1,1,0,-0.12450200319290161,-1.6376830339431763,9.672868728637695,0.0,-0.0021299999207258224,0.0,0.6831330060958862,-0.05307372286915779,0.0651421770453453,-0.7254441380500793,-93.49891662597656,0.14131172518128227,20.0,10.0,,0,A,1.094337036204849,7.830219503966426,1.0,0.7830219503966427,-45.141351219233115,B,1.0975287663827824,8.083182396514271,1.0,0.8083182396514271,44.858715326007804
20260716_204048,11846497483500,22.3588,1,7072982,585386,telemetry_v1,1,0,-0.10534799844026566,-1.6376830339431763,9.672868728637695,0.0010649999603629112,-0.0021299999207258224,0.0010649999603629112,0.683106541633606,-0.05357077345252037,0.06460040807723999,-0.725480854511261,-93.49691009521484,0.12923952513360085,20.0,10.0,,0,A,1.0944722653114147,7.840952143819202,1.0,0.7840952143819202,-45.12923966810733,B,1.0973913410571077,8.07230581645289,1.0,0.8072305816452889,44.87076047130797
20260716_204048,11846513269700,15.7862,1,7073007,585388,telemetry_v1,1,0,-0.09577000141143799,-1.6328949928283691,9.668081283569336,0.0010649999603629112,-0.0010649999603629112,0.0,0.6831230521202087,-0.05346575379371643,0.06439089775085449,-0.7254916429519653,-93.49559020996094,0.1292574139106311,20.0,10.0,,0,A,1.0944720667571763,7.840936386267243,1.0,0.7840936386267243,-45.12925564824016,B,1.097391546597201,8.07232208501938,1.0,0.8072322085019379,44.870739445101705
20260716_204048,11846550348000,37.0783,1,7073031,585390,telemetry_v1,1,0,-0.1173190027475357,-1.6448659896850586,9.692024230957031,0.0,0.0,0.0010649999603629112,0.683110773563385,-0.05359169468283653,0.06473088264465332,-0.7254636883735657,-93.4959945678711,0.13157996502555408,20.0,10.0,,0,A,1.0944461656647713,7.838880813548149,1.0,0.7838880813548149,-45.13158136781156,B,1.097418105817647,8.07442423048266,1.0,0.8074424230482659,44.86841821067947
20260716_204048,11846565562800,15.2148,1,7073056,585392,telemetry_v1,1,0,-0.1101360023021698,-1.6496549844741821,9.672868728637695,0.0,-0.0010649999603629112,0.0010649999603629112,0.6830984354019165,-0.05382612720131874,0.06538581848144531,-0.7253991365432739,-93.49504852294922,0.13786233569603673,20.0,10.0,,0,A,1.0943760012965664,7.833312156869125,1.0,0.7833312156869126,-45.13787097249717,B,1.0974898391234433,8.080101621911998,1.0,0.8080101621911999,44.86207847219162
20260716_204048,11846595407800,29.845,1,7073080,585394,telemetry_v1,1,0,-0.1029530018568039,-1.6400779485702515,9.682445526123047,0.0010649999603629112,-0.0021299999207258224,0.0010649999603629112,0.6830979585647583,-0.05398080125451088,0.06517194211483002,-0.7254074215888977,-93.49320220947266,0.13473986775678445,20.0,10.0,,0,A,1.0944109510841045,7.836086022065339,1.0,0.7836086022065338,-45.134721882761006,B,1.097454265849314,8.077286192284625,1.0,0.8077286192284625,44.865221083400705
20260716_204048,11846640961600,45.5538,1,7073105,585396,telemetry_v1,1,0,-0.09577000141143799,-1.6544430255889893,9.689628601074219,0.0,-0.0010649999603629112,-0.0010649999603629112,0.6830930113792419,-0.054022736847400665,0.06488851457834244,-0.7254343032836914,-93.4934310913086,0.1301899664620066,20.0,10.0,,0,A,1.094461661928299,7.840110639976727,1.0,0.7840110639976727,-45.130168117557204,B,1.0974022055079176,8.073165737158066,1.0,0.8073165737158066,44.869799778265076
20260716_204048,11846661838700,20.8771,1,7073129,585398,telemetry_v1,1,0,-0.1101360023021698,-1.6472610235214233,9.66568660736084,0.0010649999603629112,-0.0021299999207258224,0.0021299999207258224,0.6831356883049011,-0.053707823157310486,0.06503310799598694,-0.7254045605659485,-93.49066162109375,0.13926679190231145,20.0,10.0,,0,A,1.0943604834151948,7.83208051837857,1.0,0.783208051837857,-45.139270483449884,B,1.0975060494624693,8.081384551110284,1.0,0.8081384551110284,44.8607144779967
20260716_204048,11846669328400,7.4897,1,7073153,585400,telemetry_v1,1,0,-0.10774199664592743,-1.6448659896850586,9.687234878540039,0.0010649999603629112,-0.0021299999207258224,0.0010649999603629112,0.6831598281860352,-0.053580738604068756,0.06490989029407501,-0.725402295589447,-93.48844146728516,0.14163896662502745,20.0,10.0,,0,A,1.0943340670033124,7.829983834414955,1.0,0.7829983834414955,-45.141645261557514,B,1.0975332151737516,8.08353447502235,1.0,0.8083534475022349,44.85835384760778
20260716_204048,11846685188100,15.8597,1,7073178,585402,telemetry_v1,1,0,-0.1173190027475357,-1.6305010318756104,9.672868728637695,0.0,-0.0021299999207258224,0.0010649999603629112,0.6832282543182373,-0.052918773144483566,0.06485123932361603,-0.7253917455673218,-93.48585510253906,0.15271635107160603,20.0,10.0,,0,A,1.0942103114580262,7.820160620225853,1.0,0.7820160620225853,-45.15271964688883,B,1.0976596545023196,8.093540320706692,1.0,0.8093540320706692,44.84732501329647
20260716_204048,11846722913800,37.7257,1,7073203,585404,telemetry_v1,1,0,-0.11492499709129333,-1.6328949928283691,9.677658081054688,0.0,-0.0021299999207258224,0.0021299999207258224,0.6832342743873596,-0.0529848150908947,0.06483965367078781,-0.7253822684288025,-93.48409271240234,0.15339472770357135,20.0,10.0,,0,A,1.0942028601011369,7.819569126220645,1.0,0.7819569126220645,-45.15339901391075,B,1.0976675302496754,8.094163534165052,1.0,0.8094163534165051,44.84663920185975
20260716_204048,11846746787700,23.8739,1,7073227,585406,telemetry_v1,1,0,-0.11492499709129333,-1.6496549844741821,9.677658081054688,0.0010649999603629112,-0.0021299999207258224,0.0,0.6832133531570435,-0.05333373323082924,0.06484914571046829,-0.7253754734992981,-93.48308563232422,0.14964791788302048,20.0,10.0,,0,A,1.0942448374536784,7.822901265726885,1.0,0.7822901265726885,-45.14965711676515,B,1.097624887292455,8.090789113360373,1.0,0.8090789113360373,44.850358238204976
20260716_204048,11846760125900,13.3382,1,7073252,585408,telemetry_v1,1,0,-0.11492499709129333,-1.6472610235214233,9.663291931152344,0.0,0.0,0.0,0.6832006573677063,-0.05356500670313835,0.06553979963064194,-0.7253084182739258,-93.4822769165039,0.15631935388192572,20.0,10.0,,0,A,1.0941702529965198,7.816980703703062,1.0,0.7816980703703063,-45.15637035747656,B,1.0977009809670168,8.09681046325853,1.0,0.809681046325853,44.84362425151521
20260716_204048,11846782908400,22.7825,1,7073276,585410,telemetry_v1,1,0,-0.11253000050783157,-1.6376830339431763,9.68484115600586,0.0,-0.0010649999603629112,0.0010649999603629112,0.6832401752471924,-0.05320717394351959,0.06500596553087234,-0.7253454327583313,-93.48043060302734,0.15612599143521752,20.0,10.0,,0,A,1.094172567790042,7.817164459565048,1.0,0.7817164459565049,-45.156148059314155,B,1.0976989352094657,8.096648586379656,1.0,0.8096648586379657,44.84388783162036
20260716_204048,11846812707300,29.7989,1,7073301,585412,telemetry_v1,1,0,-0.10774199664592743,-1.6400779485702515,9.677658081054688,0.0010649999603629112,-0.0010649999603629112,0.0010649999603629112,0.683227002620697,-0.05344948172569275,0.06496281921863556,-0.7253439426422119,-93.47953033447266,0.15308587335136145,20.0,10.0,,0,A,1.094206608311574,7.819866662332309,1.0,0.7819866662332309,-45.15309914018346,B,1.0976643153309609,8.093909135913533,1.0,0.8093909135913533,44.84691102055428
20260716_204048,11846834983700,22.2764,1,7073325,585414,telemetry_v1,1,0,-0.11971300095319748,-1.6328949928283691,9.682445526123047,0.0,-0.0021299999207258224,0.0,0.6832841038703918,-0.052867140620946884,0.06487120687961578,-0.7253410816192627,-93.47770690917969,0.16183281040472997,20.0,10.0,,0,A,1.0941088996476154,7.812110132989936,1.0,0.7812110132989936,-45.161836116412594,B,1.0977641630562667,8.101809792498381,1.0,0.8101809792498381,44.8382144772123
20260716_204048,11846857184900,22.2012,1,7073350,585416,telemetry_v1,1,0,-0.10055900365114212,-1.6424720287322998,9.687234878540039,0.0021299999207258224,0.0,0.0010649999603629112,0.6832579374313354,-0.05329367145895958,0.06496688723564148,-0.7253260612487793,-93.47661590576172,0.15823809289288537,20.0,10.0,,0,A,1.0941492108037238,7.815310287958028,1.0,0.7815310287958028,-45.158255445182284,B,1.097723292028192,8.098575875233498,1.0,0.8098575875233498,44.841768996149966
