target_source,head_yaw_deg,target_angle_deg,target_error_deg,sigma_deg,source_a_gain_db,source_b_gain_db,target_gain_db,interferer_gain_db,target_to_interferer_gain_db,pair_count,tir_improvement_db_mean,tir_improvement_db_sd,tir_improvement_db_median,input_tir_db_mean,input_tir_db_sd,input_tir_db_median,output_tir_db_mean,output_tir_db_sd,output_tir_db_median,input_si_sdr_db_mean,input_si_sdr_db_sd,input_si_sdr_db_median,output_si_sdr_db_mean,output_si_sdr_db_sd,output_si_sdr_db_median,si_sdr_improvement_db_mean,si_sdr_improvement_db_sd,si_sdr_improvement_db_median
source_a,-90.0,-30.0,60.0,10.0,1.5229979744712628e-07,5.380186160021138e-31,1.5229979744712628e-07,5.380186160021138e-31,1.5229979744712628e-07,100,1.5229979773571152e-07,4.272979513181084e-16,1.5229979766218094e-07,0.005599851872242011,2.8067757495515924,-0.14977853341541214,0.005600004172039742,2.8067757495515924,-0.1497783811156146,0.0064498226755969005,2.808804820154609,-0.14967712042474762,0.006449974841844446,2.808804820138801,-0.1496769675598187,1.5216624754621487e-07,2.198558598593487e-09,1.522976638274054e-07
source_a,-80.0,-30.0,50.0,10.0,3.726653172078671e-05,5.311092249679095e-26,3.726653172078671e-05,5.311092249679095e-26,3.726653172078671e-05,100,3.726653171948038e-05,6.758769835746395e-16,3.726653171953753e-05,-0.02097515953656023,2.8021147050642354,-0.27344019997185587,-0.02093789300484075,2.802114705064236,-0.2734029334401371,-0.020789469014071096,2.8027412874757065,-0.26687970004085076,-0.02075219735703156,2.802741277278099,-0.26684248343303396,3.727165703953303e-05,4.199031003924277e-07,3.722589949141375e-05
source_a,-70.0,-30.0,40.0,10.0,0.0033546262790251184,1.9287498479639177e-21,0.0033546262790251184,1.9287498479639177e-21,0.0033546262790251184,100,0.0033546262789619177,3.3241169338516493e-14,0.0033546262789739267,0.09512722956446933,2.793636028006828,-0.13029482308009002,0.09848185584343122,2.793636028006852,-0.12694019680112473,0.09634201114703093,2.79572589467281,-0.12205639890213137,0.0996967021270034,2.7957244729500106,-0.1187048768851888,0.003354690979972471,3.70714366576385e-05,0.0033553756514802524
source_a,-60.0,-30.0,30.0,10.0,0.11108996538242306,2.576757109154981e-17,0.11108996538242306,2.576757109154981e-17,0.11108996538242304,100,0.11108996538042382,1.064834489101622e-12,0.11108996538080639,0.12606818518019303,2.786636743028729,-0.07930702554897284,0.23715815056061687,2.786636743029483,0.03178293983163845,0.12747832062441736,2.7883541479166265,-0.10898567514871696,0.23856853926372806,2.7883127215926833,0.002002422769626755,0.1110902186393107,0.001214113714296925,0.11107326491499236
source_a,-50.0,-30.0,20.0,10.0,1.353352832366127,1.2664165549094176e-13,1.353352832366127,1.2664165549094176e-13,1.3533528323660005,100,1.3533528323451647,1.1252998253035832e-11,1.3533528323491257,0.13986871217322297,2.7932113108279095,-0.054205196113581156,1.4932215445183876,2.7932113108359036,1.2991476362337655,0.14194561064448397,2.7938764247752035,-0.0863854311178926,1.495194746174715,2.7936100279155935,1.277666920930669,1.353249135530231,0.01343491458952165,1.3526301922225963
source_a,-40.0,-30.0,10.0,10.0,6.065306597126334,2.289734845645553e-10,6.065306597126334,2.289734845645553e-10,6.0653065968973605,100,6.065306596839726,3.129019780100269e-11,6.065306596850594,0.09126167611953995,2.7944683523107,-0.1378153822573915,6.156568272959266,2.794468352333094,5.927491214588271,0.09298709598250872,2.7936310388625407,-0.10432175277703937,6.157999154611313,2.793829708238376,5.944282691627403,6.065012058628804,0.045867222959988754,6.061793519376389
source_a,-30.0,-30.0,0.0,10.0,10.0,1.5229979744712628e-07,10.0,1.5229979744712628e-07,9.999999847700202,100,9.999999847631761,3.7384143189870396e-11,9.999999847644716,0.020426099105925227,2.7923930105922405,-0.20574920198230895,10.020425946737687,2.792393010619187,9.79425064565245,0.02224995838627908,2.7902846939772297,-0.16074441923450475,10.021694114484868,2.791687563221307,9.807863432399232,9.999444156098589,0.060472158762580094,9.992559718003749
source_a,-20.0,-30.0,10.0,10.0,6.065306597126334,3.726653172078671e-05,6.065306597126334,3.726653172078671e-05,6.065269330594613,100,6.065269330536791,3.146439504864619e-11,6.065269330548155,-0.14888672317395066,2.8008077018512143,-0.3866505162926428,5.91638260736284,2.800807701874036,5.678618814249004,-0.14702462899109128,2.798577338181491,-0.3522644686920343,5.917880361378173,2.799501189497203,5.694394259084852,6.064904990369264,0.0452640991111289,6.059263445903561
source_a,-10.0,-30.0,20.0,10.0,1.353352832366127,0.0033546262790251184,1.353352832366127,0.0033546262790251184,1.3499982060871019,100,1.3499982060666524,1.0941405176559136e-11,1.3499982060707498,-0.20591907088959321,2.794670846490026,-0.33017668298904,1.1440791351770592,2.7946708464980032,1.0198215230798306,-0.20236745397563932,2.7918091284828437,-0.30098678219043684,1.1473154789718985,2.792075825435607,1.0448308113787186,1.3496829329475377,0.012930012719759227,1.3487028013255455
source_a,0.0,-30.0,30.0,10.0,0.11108996538242306,0.11108996538242306,0.11108996538242306,0.11108996538242306,0.0,100,-1.3542944977268378e-13,1.4763759336535432e-12,-1.328520626842078e-13,-0.2540525456180138,2.7985116781701223,-0.34623257595149415,-0.2540525456181493,2.7985116781715473,-0.3462325759516457,-0.25266505813127005,2.7971776553885297,-0.3618376683304379,-0.2526650580918307,2.797177655476801,-0.3618376691022831,3.9439352894632405e-11,1.4482252339481741e-09,1.476523348031833e-10
source_a,10.0,-30.0,40.0,10.0,0.0033546262790251184,1.353352832366127,0.0033546262790251184,1.353352832366127,-1.3499982060871019,100,-1.3499982060681661,9.935848119225632e-12,-1.3499982060711178,-0.4173638951297185,2.8378761609058616,-0.5647752783211907,-1.7673621011978846,2.837876160913083,-1.914773484390937,-0.4171628464415177,2.840282865230554,-0.5817447361602945,-1.7673862975736208,2.8410136168932465,-1.9256049127840313,-1.350223451132103,0.016283939240343097,-1.3493779550862992
source_a,20.0,-30.0,50.0,10.0,3.726653172078671e-05,6.065306597126334,3.726653172078671e-05,6.065306597126334,-6.065269330594613,100,-6.065269330543623,2.6471915943298108e-11,-6.065269330552635,-0.6024261402910958,2.87577632324595,-0.7917068405540917,-6.66769547083472,2.8757763232650544,-6.856976171099536,-0.5990293185616284,2.877925819432165,-0.7705820980567666,-6.663122678774103,2.8837083121343916,-6.8048291484077215,-6.064093360212475,0.10004758177973809,-6.056257908876364
source_a,30.0,-30.0,60.0,10.0,1.5229979744712628e-07,10.0,1.5229979744712628e-07,10.0,-9.999999847700202,100,-9.999999847639165,3.1605011542097005e-11,-9.9999998476503,-0.6503737416429592,2.899896332335046,-0.8541064523552808,-10.650373589282125,2.8998963323578075,-10.854106299996454,-0.6489054512119925,2.9060876825004507,-0.8093884960194964,-10.652801244623909,2.932927518878693,-10.698861836071815,-10.003895793411916,0.22201129163144653,-9.983086524297578
source_a,40.0,-30.0,70.0,10.0,2.289734845645553e-10,6.065306597126334,2.289734845645553e-10,6.065306597126334,-6.0653065968973605,100,-6.065306596845765,2.6554218689593723e-11,-6.065306596855378,-0.7227228127649539,2.9176953103367813,-0.944787439589927,-6.788029409610719,2.917695310355869,-7.010094036437064,-0.7208319752425613,2.921147731124344,-0.9281145093468897,-6.786643172542665,2.9285436167751446,-6.941930083121559,-6.065811197300103,0.10599457040144482,-6.0590721436572075
source_a,50.0,-30.0,80.0,10.0,1.2664165549094176e-13,1.353352832366127,1.2664165549094176e-13,1.353352832366127,-1.3533528323660005,100,-1.353352832347371,9.488465330216075e-12,-1.3533528323508677,-0.7484317975119781,2.9204969629949544,-0.9259652993616033,-2.101784629859349,2.920496963001746,-2.279318131714392,-0.7457661654255647,2.921274827382611,-0.9131266814926648,-2.098950241804499,2.921745961779907,-2.258296179071077,-1.3531840763789342,0.01770256562413881,-1.3527114402428517
source_a,60.0,-30.0,90.0,10.0,2.576757109154981e-17,0.11108996538242306,2.576757109154981e-17,0.11108996538242306,-0.11108996538242304,100,-0.11108996538064167,8.979873328235452e-13,-0.11108996538097032,-0.7679284025576686,2.903661718680221,-1.016329917359735,-0.8790183679383102,2.903661718680859,-1.1274198827408886,-0.7640253667445973,2.899337301529589,-0.9230322820981431,-0.8750851833570585,2.8993017773137013,-1.032669618836313,-0.1110598166124612,0.0013606082944831396,-0.11094564662556539
source_a,70.0,-30.0,100.0,10.0,1.9287498479639177e-21,0.0033546262790251184,1.9287498479639177e-21,0.0033546262790251184,-0.0033546262790251184,100,-0.0033546262789688587,2.7904180679587872e-14,-0.003354626278978451,-0.7736234675813669,2.8871413595602227,-0.9920253715039837,-0.7769780938603358,2.887141359560242,-0.9953799977829669,-0.7703557601204942,2.8817544480999984,-0.913251988563468,-0.7737097259744516,2.8817529382093046,-0.9165765072079217,-0.0033539658539574594,4.0905551206682906e-05,-0.003349544009064065
source_a,80.0,-30.0,110.0,10.0,5.311092249679095e-26,3.726653172078671e-05,5.311092249679095e-26,3.726653172078671e-05,-3.726653172078671e-05,100,-3.726653171966061e-05,5.57025914154502e-16,-3.7266531719648555e-05,-0.758558235431388,2.862330042623259,-0.9456568671525908,-0.7585955019631077,2.862330042623259,-0.94569413368431,-0.7578926817672559,2.857355197849309,-0.9670195313586194,-0.7579299525106764,2.857355182228068,-0.9670570541162944,-3.727074342048928e-05,4.552835686490872e-07,-3.722181967485971e-05
source_a,90.0,-30.0,120.0,10.0,5.380186160021138e-31,1.5229979744712628e-07,5.380186160021138e-31,1.5229979744712628e-07,-1.5229979744712628e-07,100,-1.522997977992024e-07,4.52464188375425e-16,-1.5229979788422554e-07,-0.7871013227612375,2.8498217636181473,-1.013072039452879,-0.7871014750610352,2.8498217636181473,-1.0130721917526768,-0.7887406311932469,2.8457570929697,-1.0247239414348286,-0.788740783289986,2.8457570928181086,-1.0247240927073813,-1.5209673915148048e-07,2.5035851258017193e-09,-1.5197849967396593e-07
source_a,-90.0,-30.0,60.0,20.0,0.11108996538242306,1.5229979744712628e-07,0.11108996538242306,1.5229979744712628e-07,0.11108981308262561,100,0.11108981308042613,1.1598936105467775e-12,0.11108981308085857,0.005599851872242011,2.8067757495515924,-0.14977853341541214,0.11668966495266811,2.8067757495524277,-0.038688720334498494,0.0064498226755969005,2.808804820154609,-0.14967712042474762,0.117544740205492,2.808757836351541,-0.03858834448480786,0.11109491752989509,0.0012149288074843776,0.11105445869141828
source_a,-80.0,-30.0,50.0,20.0,0.4393693362340742,2.699578503363014e-06,0.4393693362340742,2.699578503363014e-06,0.43936663665557085,100,0.4393666366474072,4.295074537368974e-12,0.43936663664903375,-0.02097515953656023,2.8021147050642354,-0.27344019997185587,0.418391477110847,2.8021147050673147,0.16592643667577156,-0.020789469014071096,2.8027412874757065,-0.26687970004085076,0.4186328053068382,2.802629125469709,0.17189989090451874,0.4394222743209093,0.004824644192240182,0.43888125404309086
source_a,-70.0,-30.0,40.0,20.0,1.353352832366127,3.726653172078671e-05,1.353352832366127,3.726653172078671e-05,1.3533155658344063,100,1.3533155658125662,1.1523219727508727e-11,1.3533155658167386,0.09512722956446933,2.793636028006828,-0.13029482308009002,1.4484427953770356,2.7936360280150034,1.223020742733869,0.09634201114703093,2.79572589467281,-0.12205639890213137,1.4496675199776021,2.795232731868636,1.2300972571437896,1.3533255088305713,0.013847222531463529,1.353585492660606
source_a,-60.0,-30.0,30.0,20.0,3.2465246735834974,0.0004006529739295107,3.2465246735834974,0.0004006529739295107,3.246124020609568,100,3.2461240205678905,2.2196792990290837e-11,3.2461240205758597,0.12606818518019303,2.786636743028729,-0.07930702554897284,3.3721922057480835,2.7866367430444514,3.1668169950228124,0.12747832062441736,2.7883541479166265,-0.10898567514871696,3.3735422846619785,2.7875088535870987,3.1346216754161915,3.246063964037561,0.02976786464285414,3.2457134564076053
source_a,-50.0,-30.0,20.0,20.0,6.065306597126334,0.0033546262790251184,6.065306597126334,0.0033546262790251184,6.061951970847309,100,6.061951970788811,3.163255656820773e-11,6.06195197079994,0.13986871217322297,2.7932113108279095,-0.054205196113581156,6.201820682962033,2.793211310850402,6.007746774681353,0.14194561064448397,2.7938764247752035,-0.0863854311178926,6.203408479185134,2.7932627583153,6.012678434305772,6.06146286854065,0.046735920058424765,6.059404940937909
source_a,-40.0,-30.0,10.0,20.0,8.824969025845954,0.02187491118182885,8.824969025845954,0.02187491118182885,8.803094114664125,100,8.803094114597977,3.6149520515911055e-11,8.80309411461073,0.09126167611953995,2.7944683523107,-0.1378153822573915,8.894355790717515,2.794468352336703,8.665278732347382,0.09298709598250872,2.7936310388625407,-0.10432175277703937,8.895645916340644,2.794025909708206,8.677584587979283,8.802658820358134,0.05811925772677588,8.798635720727805
source_a,-30.0,-30.0,0.0,20.0,10.0,0.11108996538242306,10.0,0.11108996538242306,9.888910034617577,100,9.888910034551074,3.7500229317384325e-11,9.888910034564148,0.020426099105925227,2.7923930105922405,-0.20574920198230895,9.909336133657,2.792393010619895,9.683160832571595,0.02224995838627908,2.7902846939772297,-0.16074441923450475,9.91060960932102,2.7916748812245897,9.69694625016839,9.88835965093474,0.060112898655774044,9.881514514054091
source_a,-20.0,-30.0,10.0,20.0,8.824969025845954,0.4393693362340742,8.824969025845954,0.4393693362340742,8.38559968961188,100,8.385599689552242,3.6924380806783155e-11,8.385599689565051,-0.14888672317395066,2.8008077018512143,-0.3866505162926428,8.236712966378292,2.8008077018801587,7.998949173264336,-0.14702462899109128,2.798577338181491,-0.3522644686920343,8.238072071595283,2.7998334748092635,8.010395006995584,8.385096700586375,0.05574877577508568,8.378171665230173
source_a,-10.0,-30.0,20.0,20.0,6.065306597126334,1.353352832366127,6.065306597126334,1.353352832366127,4.7119537647602066,100,4.711953764721975,3.341197127367005e-11,4.711953764729136,-0.20591907088959321,2.794670846490026,-0.33017668298904,4.506034693832381,2.7946708465195003,4.381777081736757,-0.20236745397563932,2.7918091284828437,-0.30098678219043684,4.508584429377445,2.7927728527277003,4.398796803956203,4.710951883353084,0.037576099841211186,4.708174279754468
source_a,0.0,-30.0,30.0,20.0,3.2465246735834974,3.2465246735834974,3.2465246735834974,3.2465246735834974,0.0,100,-2.8235190054071156e-12,3.0777958662420594e-11,-2.7748775499603084e-12,-0.2540525456180138,2.7985116781701223,-0.34623257595149415,-0.25405254562083734,2.798511678199832,-0.3462325759546563,-0.25266505813127005,2.7971776553885297,-0.3618376683304379,-0.25266505809183165,2.7971776554767973,-0.3618376691022742,3.943840309883484e-11,1.4482232084413554e-09,1.4764300892977644e-10
source_a,10.0,-30.0,40.0,20.0,1.353352832366127,6.065306597126334,1.353352832366127,6.065306597126334,-4.7119537647602066,100,-4.711953764728142,3.133270311750961e-11,-4.7119537647366325,-0.4173638951297185,2.8378761609058616,-0.5647752783211907,-5.129317659857861,2.8378761609341274,-5.276729043052619,-0.4171628464415177,2.840282865230554,-0.5817447361602945,-5.13038132361988,2.8441685908983785,-5.29059768413339,-4.713218477178363,0.0698652920173469,-4.709566052090112
source_a,20.0,-30.0,50.0,20.0,0.4393693362340742,8.824969025845954,0.4393693362340742,8.824969025845954,-8.38559968961188,100,-8.385599689560753,3.1393691067771017e-11,-8.38559968957159,-0.6024261402910958,2.87577632324595,-0.7917068405540917,-8.988025829851848,2.875776323271026,-9.177306530116955,-0.5990293185616284,2.877925819432165,-0.7705820980567666,-8.983513119342243,2.8891381911028207,-9.138255337009095,-8.384483800780615,0.16109018084951984,-8.371822076639239
source_a,30.0,-30.0,60.0,20.0,0.11108996538242306,10.0,0.11108996538242306,10.0,-9.888910034617577,100,-9.888910034558615,3.178076851931699e-11,-9.888910034569793,-0.6503737416429592,2.899896332335046,-0.8541064523552808,-10.539283776201575,2.8998963323586318,-10.743016486915929,-0.6489054512119925,2.9060876825004507,-0.8093884960194964,-10.541569114147833,2.9322562655578577,-10.591734347555974,-9.892663662935842,0.2178777890504388,-9.872301820912348
source_a,40.0,-30.0,70.0,20.0,0.02187491118182885,8.824969025845954,0.02187491118182885,8.824969025845954,-8.803094114664125,100,-8.80309411460498,3.0695076141673785e-11,-8.80309411461603,-0.7227228127649539,2.9176953103367813,-0.944787439589927,-9.525816927369933,2.9176953103589938,-9.7478815541965,-0.7208319752425613,2.921147731124344,-0.9281145093468897,-9.525891978644713,2.9367397419182204,-9.649365482924711,-8.805060003402152,0.1844937523064242,-8.792337743605714
source_a,50.0,-30.0,80.0,20.0,0.0033546262790251184,6.065306597126334,0.0033546262790251184,6.065306597126334,-6.061951970847309,100,-6.061951970795016,2.6675147755070046e-11,-6.061951970804835,-0.7484317975119781,2.9204969629949544,-0.9259652993616033,-6.810383768306993,2.920496963014071,-6.987917270171829,-0.7457661654255647,2.921274827382611,-0.9131266814926648,-6.807389868470387,2.925851431623696,-6.9212816289677885,-6.061623703044822,0.10622987311466918,-6.058220105768191
source_a,60.0,-30.0,90.0,20.0,0.0004006529739295107,3.2465246735834974,0.0004006529739295107,3.2465246735834974,-3.246124020609568,100,-3.2461240205724335,1.8718111087208482e-11,-3.2461240205792756,-0.7679284025576686,2.903661718680221,-1.016329917359735,-4.014052423130102,2.903661718693522,-4.262453937942828,-0.7640253667445973,2.899337301529589,-0.9230322820981431,-4.009246039190154,2.8985000872720024,-4.118211669537773,-3.2452206724455572,0.04797496209556931,-3.2410476699371418
source_a,70.0,-30.0,100.0,20.0,3.726653172078671e-05,1.353352832366127,3.726653172078671e-05,1.353352832366127,-1.3533155658344063,100,-1.3533155658149834,9.699343391761685e-12,-1.3533155658181886,-0.7736234675813669,2.8871413595602227,-0.9920253715039837,-2.1269390333963503,2.887141359567104,-2.3453409373237974,-0.7703557601204942,2.8817544480999984,-0.913251988563468,-2.123405470799012,2.88115427991935,-2.2534387386332537,-1.353049710678518,0.01786516394338503,-1.3510977233314085
source_a,80.0,-30.0,110.0,20.0,2.699578503363014e-06,0.4393693362340742,2.699578503363014e-06,0.4393693362340742,-0.43936663665557085,100,-0.43936663664841324,3.5504590413017302e-12,-0.4393666366495691,-0.758558235431388,2.862330042623259,-0.9456568671525908,-1.1979248720798013,2.862330042625776,-1.385023503803287,-0.7578926817672559,2.857355197849309,-0.9670195313586194,-1.1973098368495665,2.857173248751984,-1.4094922222665396,-0.43941715508231066,0.005504968172266862,-0.43883012686324396
source_a,90.0,-30.0,120.0,20.0,1.5229979744712628e-07,0.11108996538242306,1.5229979744712628e-07,0.11108996538242306,-0.11108981308262561,100,-0.11108981308068958,9.568431214828405e-13,-0.11108981308098198,-0.7871013227612375,2.8498217636181473,-1.013072039452879,-0.898191135841927,2.8498217636188277,-1.1241618525339336,-0.7887406311932469,2.8457570929697,-1.0247239414348286,-0.8998728214956225,2.845721474700535,-1.1351023824887463,-0.11113219030237564,0.0013751354074400303,-0.11089924985651956
source_a,-90.0,-30.0,60.0,30.0,1.353352832366127,0.0033546262790251184,1.353352832366127,0.0033546262790251184,1.3499982060871019,100,1.3499982060638498,1.2300276018669612e-11,1.3499982060684215,0.005599851872242011,2.8067757495515924,-0.14977853341541214,1.3555980579360918,2.8067757495604693,1.2002196726535865,0.0064498226755969005,2.808804820154609,-0.14967712042474762,1.3564936799410205,2.808307264073421,1.200309142302872,1.3500438572654236,0.013764717601800522,1.3495929969142932
source_a,-80.0,-30.0,50.0,30.0,2.4935220877729622,0.01203859994828203,2.4935220877729622,0.01203859994828203,2.48148348782468,100,2.481483487787849,1.9510959840107074e-11,2.4814834877951664,-0.02097515953656023,2.8021147050642354,-0.27344019997185587,2.460508328251289,2.8021147050782997,2.2080432878169765,-0.020789469014071096,2.8027412874757065,-0.26687970004085076,2.460940342716314,2.8022712399003518,2.2116446661132967,2.481729811730385,0.024309043405827162,2.4790376259169875
source_a,-70.0,-30.0,40.0,30.0,4.111122905071874,0.038659201394728074,4.111122905071874,0.038659201394728074,4.072463703677146,100,4.0724637036279665,2.637499336922336e-11,4.072463703637263,0.09512722956446933,2.793636028006828,-0.13029482308009002,4.167590933192436,2.7936360280257873,3.9421688805509785,0.09634201114703093,2.79572589467281,-0.12205639890213137,4.168772415738717,2.794604069988471,3.947384179010392,4.072430404591685,0.03590765664826299,4.07312079487696
source_a,-60.0,-30.0,30.0,30.0,6.065306597126334,0.11108996538242306,6.065306597126334,0.11108996538242306,5.954216631743911,100,5.954216631686398,3.184101271481436e-11,5.9542166316975145,0.12606818518019303,2.786636743028729,-0.07930702554897284,6.080284816866591,2.7866367430519685,5.874909606142713,0.12747832062441736,2.7883541479166265,-0.10898567514871696,6.081534488809002,2.7871767544857122,5.850582882940961,5.954056168184585,0.047342267870582364,5.95356263189527
source_a,-50.0,-30.0,20.0,30.0,8.00737402916808,0.2856550078455038,8.00737402916808,0.2856550078455038,7.721719021322576,100,7.7217190212622455,3.572636679532988e-11,7.7217190212738895,0.13986871217322297,2.7932113108279095,-0.054205196113581156,7.861587733435469,2.793211310854959,7.667513825154794,0.14194561064448397,2.7938764247752035,-0.0863854311178926,7.863055006509216,2.793245816562704,7.678799239178398,7.721109395864732,0.05477649115044523,7.718724413105994
source_a,-40.0,-30.0,10.0,30.0,9.459594689067654,0.6572852861653047,9.459594689067654,0.6572852861653047,8.802309402902349,100,8.80230940284553,3.787039075571886e-11,8.802309402857585,0.09126167611953995,2.7944683523107,-0.1378153822573915,8.89357107896507,2.7944683523411786,8.664494020593526,0.09298709598250872,2.7936310388625407,-0.10432175277703937,8.894861242084353,2.7940258545297865,8.676800970789138,8.801874146101845,0.05811627133619912,8.797851239733166
source_a,-30.0,-30.0,0.0,30.0,10.0,1.353352832366127,10.0,1.353352832366127,8.646647167633873,100,8.646647167585975,3.990254246831728e-11,8.646647167595372,0.020426099105925227,2.7923930105922405,-0.20574920198230895,8.6670732666919,2.7923930106266917,8.44089796560488,0.02224995838627908,2.7902846939772297,-0.16074441923450475,8.668409065254918,2.79152554135507,8.456771443112007,8.64615910686864,0.055765662556578166,8.639791058453355
source_a,-20.0,-30.0,10.0,30.0,9.459594689067654,2.4935220877729622,9.459594689067654,2.4935220877729622,6.966072601294691,100,6.966072601258915,4.23032902006515e-11,6.96607260126493,-0.14888672317395066,2.8008077018512143,-0.3866505162926428,6.817185878084964,2.800807701889881,6.579422084968046,-0.14702462899109128,2.798577338181491,-0.3522644686920343,6.818627850490776,2.799635425509853,6.5933786752289745,6.965652479481867,0.049670709662275755,6.959470422418434
source_a,-10.0,-30.0,20.0,30.0,8.00737402916808,4.111122905071874,8.00737402916808,4.111122905071874,3.8962511240962057,100,3.8962511240760853,4.344314366714813e-11,3.896251124080287,-0.20591907088959321,2.794670846490026,-0.33017668298904,3.6903320531864923,2.794670846531293,3.566074441088483,-0.20236745397563932,2.7918091284828437,-0.30098678219043684,3.6930340007348,2.7926073455509055,3.584759669078645,3.895401454710439,0.032445198377975534,3.892990382384662
source_a,0.0,-30.0,30.0,30.0,6.065306597126334,6.065306597126334,6.065306597126334,6.065306597126334,0.0,100,-4.036098894336093e-12,4.399518647626522e-11,-3.966688089107606e-12,-0.2540525456180138,2.7985116781701223,-0.34623257595149415,-0.25405254562204993,2.7985116782125905,-0.3462325759560151,-0.25266505813127005,2.7971776553885297,-0.3618376683304379,-0.25266505809182777,2.797177655476803,-0.36183766910232534,3.944229831631674e-11,1.4482241208437657e-09,1.4762768785203662e-10
source_a,10.0,-30.0,40.0,30.0,4.111122905071874,8.00737402916808,4.111122905071874,8.00737402916808,-3.8962511240962057,100,-3.896251124085236,4.261865013903551e-11,-3.896251124089456,-0.4173638951297185,2.8378761609058616,-0.5647752783211907,-4.3136150192149545,2.8378761609468532,-4.461026402408741,-0.4171628464415177,2.840282865230554,-0.5817447361602945,-4.314342014812045,2.843170599409696,-4.475711123989809,-3.897179168370527,0.054881914202423575,-3.8943155327850865
source_a,20.0,-30.0,50.0,30.0,2.4935220877729622,9.459594689067654,2.4935220877729622,9.459594689067654,-6.966072601294691,100,-6.966072601269782,3.8458323647446444e-11,-6.96607260127737,-0.6024261402910958,2.87577632324595,-0.7917068405540917,-7.568498741560878,2.8757763232821603,-7.757779441826061,-0.5990293185616284,2.877925819432165,-0.7705820980567666,-7.5638797928981925,2.8854804398050744,-7.70827841548296,-6.964850474336564,0.121820823651406,-6.955297504481662
source_a,30.0,-30.0,60.0,30.0,1.353352832366127,10.0,1.353352832366127,10.0,-8.646647167633873,100,-8.64664716759484,3.526257805814428e-11,-8.646647167604934,-0.6503737416429592,2.899896332335046,-0.8541064523552808,-9.297020909237801,2.8998963323665468,-9.500753619952388,-0.6489054512119925,2.9060876825004507,-0.8093884960194964,-9.297989024799726,2.925689203062356,-9.392064157428798,-8.649083573587735,0.17511009867465308,-8.633218294665483
source_a,40.0,-30.0,70.0,30.0,0.6572852861653047,9.459594689067654,0.6572852861653047,9.459594689067654,-8.802309402902349,100,-8.802309402853469,3.286306890724116e-11,-8.802309402865465,-0.7227228127649539,2.9176953103367813,-0.944787439589927,-9.525032215618424,2.9176953103640986,-9.747096842445295,-0.7208319752425613,2.921147731124344,-0.9281145093468897,-9.525106623280541,2.936736612621835,-9.648605606975986,-8.80427464803798,0.1844674603665918,-8.791554532281259
source_a,50.0,-30.0,80.0,30.0,0.2856550078455038,8.00737402916808,0.2856550078455038,8.00737402916808,-7.721719021322576,100,-7.721719021269519,3.041909819363566e-11,-7.7217190212802755,-0.7484317975119781,2.9204969629949544,-0.9259652993616033,-8.470150818781498,2.9204969630185675,-8.647684320646626,-0.7457661654255647,2.921274827382611,-0.9131266814926648,-8.467508189054533,2.9290286148722586,-8.537829518108932,-7.721742023628967,0.1509485247893969,-7.716500439048944
source_a,60.0,-30.0,90.0,30.0,0.11108996538242306,6.065306597126334,0.11108996538242306,6.065306597126334,-5.954216631743911,100,-5.954216631693026,2.6950877863418665e-11,-5.954216631702351,-0.7679284025576686,2.903661718680221,-1.016329917359735,-6.722145034250694,2.903661718700135,-6.970546549067416,-0.7640253667445973,2.899337301529589,-0.9230322820981431,-6.71669490969395,2.8986097936460498,-6.787486675559532,-5.952669542949353,0.10448050463855334,-5.943195717206638
source_a,70.0,-30.0,100.0,30.0,0.038659201394728074,4.111122905071874,0.038659201394728074,4.111122905071874,-4.072463703677146,100,-4.072463703633536,2.2230712798830362e-11,-4.0724637036410964,-0.7736234675813669,2.8871413595602227,-0.9920253715039837,-4.846087171214903,2.887141359576268,-5.064489075148382,-0.7703557601204942,2.8817544480999984,-0.913251988563468,-4.842079103759349,2.880159946259655,-4.939249726107626,-4.071723343638855,0.0634942335150855,-4.064598255473838
source_a,80.0,-30.0,110.0,30.0,0.01203859994828203,2.4935220877729622,0.01203859994828203,2.4935220877729622,-2.48148348782468,100,-2.4814834877924308,1.6135680104378506e-11,-2.481483487797714,-0.758558235431388,2.862330042623259,-0.9456568671525908,-3.240041723223819,2.862330042634781,-3.4271403549553154,-0.7578926817672559,2.857355197849309,-0.9670195313586194,-3.239771255066042,2.8563858576202796,-3.4611880540297797,-2.481878573298786,0.03513143762017728,-2.478068589591052
source_a,90.0,-30.0,120.0,30.0,0.0033546262790251184,1.353352832366127,0.0033546262790251184,1.353352832366127,-1.3499982060871019,100,-1.3499982060666467,1.0149647062726833e-11,-1.3499982060697637,-0.7871013227612375,2.8498217636181473,-1.013072039452879,-2.137099528827884,2.8498217636253895,-2.3630702455233754,-0.7887406311932469,2.8457570929697,-1.0247239414348286,-2.139313459579093,2.8453456413701623,-2.365439731856534,-1.350572828385846,0.0179799693391263,-1.3475090984105342
source_a,-90.0,-30.0,60.0,45.0,4.111122905071874,0.2856550078455038,4.111122905071874,0.2856550078455038,3.8254678972263703,100,3.8254678971785454,2.8540184289770253e-11,3.8254678971882567,0.005599851872242011,2.8067757495515924,-0.14977853341541214,3.831067749050787,2.806775749573839,3.675689363773608,0.0064498226755969005,2.808804820154609,-0.14967712042474762,3.8319819522336647,2.8077124115132905,3.675760459915424,3.8255321295580678,0.03407717726265787,3.8244460764774266
source_a,-80.0,-30.0,50.0,45.0,5.394075072376267,0.5040553336275365,5.394075072376267,0.5040553336275365,4.89001973874873,100,4.89001973869757,3.256340665695158e-11,4.8900197387072355,-0.02097515953656023,2.8021147050642354,-0.27344019997185587,4.8690445791610095,2.802114705090358,4.616579538726643,-0.020789469014071096,2.8027412874757065,-0.26687970004085076,4.869603191714638,2.8020775795199895,4.618569690572314,4.8903926607287085,0.042115733109879636,4.885781929218734
source_a,-70.0,-30.0,40.0,45.0,6.736384553447268,0.8465798862252998,6.736384553447268,0.8465798862252998,5.889804667221968,100,5.889804667172498,3.5449650586345745e-11,5.889804667181892,0.09512722956446933,2.793636028006828,-0.13029482308009002,5.984931896736968,2.7936360280363735,5.759509844094845,0.09634201114703093,2.79572589467281,-0.12205639890213137,5.986062966908821,2.794356393495965,5.763765023036262,5.88972095576179,0.04723072162559649,5.890639980492843
source_a,-60.0,-30.0,30.0,45.0,8.00737402916808,1.353352832366127,8.00737402916808,1.353352832366127,6.654021196801953,100,6.654021196757311,3.823661681445695e-11,6.6540211967653455,0.12606818518019303,2.786636743028729,-0.07930702554897284,6.780089381937504,2.7866367430620147,6.574714171211579,0.12747832062441736,2.7883541479166265,-0.10898567514871696,6.781311635027318,2.7871224166244044,6.5528406216035275,6.653833314402902,0.05105871919004164,6.653315619991178
source_a,-50.0,-30.0,20.0,45.0,9.059551911095095,2.0592424643419873,9.059551911095095,2.0592424643419873,7.000309446753108,100,7.000309446715641,4.1455217162666453e-11,7.000309446721857,0.13986871217322297,2.7932113108279095,-0.054205196113581156,7.140178158888864,2.7932113108654235,6.946104250604854,0.14194561064448397,2.7938764247752035,-0.0863854311178926,7.141696290042825,2.7932496316236315,6.954777907190783,6.999750679398341,0.0514699361599892,6.997499230715725
source_a,-40.0,-30.0,10.0,45.0,9.75610980064846,2.9823409618142156,9.75610980064846,2.9823409618142156,6.773768838834244,100,6.773768838804994,4.4141961877004244e-11,6.7737688388091755,0.09126167611953995,2.7944683523107,-0.1378153822573915,6.865030514924534,2.79446835235178,6.635953456548963,0.09298709598250872,2.7936310388625407,-0.10432175277703937,6.866423305859783,2.793880353680835,6.651446079036317,6.773436209877274,0.049417732574755464,6.76998211455264
source_a,-30.0,-30.0,0.0,45.0,10.0,4.111122905071874,10.0,4.111122905071874,5.888877094928126,100,5.888877094906637,4.663289603579427e-11,5.888877094910288,0.020426099105925227,2.7923930105922405,-0.20574920198230895,5.909303194012562,2.79239301063634,5.683127892923247,0.02224995838627908,2.7902846939772297,-0.16074441923450475,5.910795065900861,2.7911471739860243,5.704851087105224,5.888545107514582,0.043568999964941416,5.883530580555346
source_a,-20.0,-30.0,10.0,45.0,9.75610980064846,5.394075072376267,9.75610980064846,5.394075072376267,4.362034728272193,100,4.362034728256166,4.8546706286881864e-11,4.362034728258939,-0.14888672317395066,2.8008077018512143,-0.3866505162926428,4.213148005082216,2.800807701897505,3.9753842119628664,-0.14702462899109128,2.798577338181491,-0.3522644686920343,4.214755775609264,2.7992335317424417,3.9951568846226335,4.361780404600355,0.03556936701866466,4.357333476205227
source_a,-10.0,-30.0,20.0,45.0,9.059551911095095,6.736384553447268,9.059551911095095,6.736384553447268,2.3231673576478276,100,2.323167357637857,4.88960239089084e-11,2.323167357639258,-0.20591907088959321,2.794670846490026,-0.33017668298904,2.1172482867482634,2.794670846536979,1.9929906746489379,-0.20236745397563932,2.7918091284828437,-0.30098678219043684,2.1202701916614624,2.792278768530037,2.015362929762703,2.3226376456371014,0.021073909940466054,2.321053280840956
source_a,0.0,-30.0,30.0,45.0,8.00737402916808,8.00737402916808,8.00737402916808,8.00737402916808,0.0,100,-4.514691849533126e-12,4.9211265343807996e-11,-4.436270795160624e-12,-0.2540525456180138,2.7985116781701223,-0.34623257595149415,-0.25405254562252855,2.7985116782176256,-0.3462325759565501,-0.25266505813127005,2.7971776553885297,-0.3618376683304379,-0.2526650580918311,2.797177655476802,-0.3618376691022974,3.943896875746589e-11,1.4482272927348611e-09,1.4764456324201092e-10
source_a,10.0,-30.0,40.0,45.0,6.736384553447268,9.059551911095095,6.736384553447268,9.059551911095095,-2.3231673576478276,100,-2.323167357648468,4.8831159694399704e-11,-2.323167357650001,-0.4173638951297185,2.8378761609058616,-0.5647752783211907,-2.740531252778186,2.83787616095305,-2.887942635971408,-0.4171628464415177,2.840282865230554,-0.5817447361602945,-2.740772946526352,2.8416960344981237,-2.8989252745733918,-2.323610100084834,0.029707182131436066,-2.3220650026308736
source_a,20.0,-30.0,50.0,45.0,5.394075072376267,9.75610980064846,5.394075072376267,9.75610980064846,-4.362034728272193,100,-4.36203472826887,4.657915537118643e-11,-4.362034728271101,-0.6024261402910958,2.87577632324595,-0.7917068405540917,-4.964460868559966,2.875776323290955,-5.153741568825193,-0.5990293185616284,2.877925819432165,-0.7705820980567666,-4.960123746655707,2.8812144389142125,-5.101062659275427,-4.361094428094079,0.06458742034658106,-4.356156706122534
source_a,30.0,-30.0,60.0,45.0,4.111122905071874,10.0,4.111122905071874,10.0,-5.888877094928126,100,-5.888877094917384,4.4364075620320005e-11,-5.888877094921398,-0.6503737416429592,2.899896332335046,-0.8541064523552808,-6.539250836560344,2.8998963323777818,-6.742983547275264,-0.6489054512119925,2.9060876825004507,-0.8093884960194964,-6.538584201359839,2.9157827119418354,-6.687853498455093,-5.889678750147847,0.09952936148733033,-5.881165107499435
source_a,40.0,-30.0,70.0,45.0,2.9823409618142156,9.75610980064846,2.9823409618142156,9.75610980064846,-6.773768838834244,100,-6.7737688388150765,4.1627188887226895e-11,-6.773768838820519,-0.7227228127649539,2.9176953103367813,-0.944787439589927,-7.49649165158003,2.9176953103765304,-7.718556278407636,-0.7208319752425613,2.921147731124344,-0.9281145093468897,-7.495358563254334,2.930217108103538,-7.654656511372117,-6.774526588011772,0.12396820603275989,-6.7664916733512195
source_a,50.0,-30.0,80.0,45.0,2.0592424643419873,9.059551911095095,2.0592424643419873,9.059551911095095,-7.000309446753108,100,-7.000309446724859,3.805035857331071e-11,-7.000309446732386,-0.7484317975119781,2.9204969629949544,-0.9259652993616033,-7.748741244236838,2.920496963030578,-7.926274746095098,-0.7457661654255647,2.921274827382611,-0.9131266814926648,-7.745901674957528,2.927480094133243,-7.840561554820464,-7.0001355095319635,0.1304421799716409,-6.995766407422176
source_a,60.0,-30.0,90.0,45.0,1.353352832366127,8.00737402916808,1.353352832366127,8.00737402916808,-6.654021196801953,100,-6.654021196765994,3.416586920351243e-11,-6.6540211967741545,-0.7679284025576686,2.903661718680221,-1.016329917359735,-7.421949599323662,2.903661718711081,-7.670351114136579,-0.7640253667445973,2.899337301529589,-0.9230322820981431,-7.41639067440576,2.8988886453858616,-7.4793841529087555,-6.652365307661163,0.12223365536348586,-6.64114072143682
source_a,70.0,-30.0,100.0,45.0,0.8465798862252998,6.736384553447268,0.8465798862252998,6.736384553447268,-5.889804667221968,100,-5.88980466718052,3.0881757044769994e-11,-5.889804667189583,-0.7736234675813669,2.8871413595602227,-0.9920253715039837,-6.663428134761887,2.887141359586844,-6.881830038695144,-0.7703557601204942,2.8817544480999984,-0.913251988563468,-6.65924555524722,2.8799241189390106,-6.747379761242129,-5.888889795126725,0.10314017245304896,-5.877053002975572
source_a,80.0,-30.0,110.0,45.0,0.5040553336275365,5.394075072376267,0.5040553336275365,5.394075072376267,-4.89001973874873,100,-4.890019738705588,2.7413146819621257e-11,-4.8900197387145825,-0.758558235431388,2.862330042623259,-0.9456568671525908,-5.648577974136976,2.8623300426457394,-5.83567660587211,-0.7578926817672559,2.857355197849309,-0.9670195313586194,-5.64907141026126,2.8558069418285137,-5.8310226040239455,-4.891178728494004,0.08047676779256198,-4.882229144015538
source_a,90.0,-30.0,120.0,45.0,0.2856550078455038,4.111122905071874,0.2856550078455038,4.111122905071874,-3.8254678972263703,100,-3.8254678971852454,2.3770503752108093e-11,-3.8254678971920573,-0.7871013227612375,2.8498217636181473,-1.013072039452879,-4.612569219946483,2.84982176363689,-4.838539936646094,-0.7887406311932469,2.8457570929697,-1.0247239414348286,-4.616271716780961,2.8448451612846664,-4.819732238626125,-3.8275310855877143,0.059301013257040326,-3.817279407161483
source_a,-90.0,-30.0,60.0,60.0,6.065306597126334,1.353352832366127,6.065306597126334,1.353352832366127,4.7119537647602066,100,4.711953764717676,3.770285175205046e-11,4.711953764725642,0.005599851872242011,2.8067757495515924,-0.14977853341541214,4.7175536165899175,2.806775749584945,4.562175231311182,0.0064498226755969005,2.808804820154609,-0.14967712042474762,4.718462216930692,2.8075689888293924,4.562240749150545,4.712012394255095,0.04005680268334279,4.710746199316336
source_a,-80.0,-30.0,50.0,60.0,7.0664827785771624,1.8627046369770088,7.0664827785771624,1.8627046369770088,5.203778141600154,100,5.203778141561206,4.024621047609515e-11,5.203778141568204,-0.02097515953656023,2.8021147050642354,-0.27344019997185587,5.182802982024645,2.8021147051006516,4.93033794158896,-0.020789469014071096,2.8027412874757065,-0.26687970004085076,5.183372844355069,2.8020639400429874,4.932258276698342,5.20416231336914,0.044092991640865734,5.199341342029997
source_a,-70.0,-30.0,40.0,60.0,8.00737402916808,2.4935220877729622,8.00737402916808,2.4935220877729622,5.513851941395117,100,5.513851941362978,4.2394705341898166e-11,5.513851941367513,0.09512722956446933,2.793636028006828,-0.13029482308009002,5.608979170927447,2.7936360280460604,5.38355711828316,0.09634201114703093,2.79572589467281,-0.12205639890213137,5.6101212951674135,2.794399543001155,5.387995004171384,5.513779284020383,0.045078930263241355,5.514654457731552
source_a,-60.0,-30.0,30.0,60.0,8.824969025845954,3.2465246735834974,8.824969025845954,3.2465246735834974,5.578444352262457,100,5.578444352236933,4.466005062711177e-11,5.578444352238845,0.12606818518019303,2.786636743028729,-0.07930702554897284,5.704512537417126,2.786636743070702,5.499137326688516,0.12747832062441736,2.7883541479166265,-0.10898567514871696,5.705776902388157,2.7872102844554427,5.473408285586185,5.5782985817637405,0.045219300241172024,5.577819799757439
source_a,-50.0,-30.0,20.0,60.0,9.459594689067654,4.111122905071874,9.459594689067654,4.111122905071874,5.348471783995779,100,5.34847178397651,4.730930124309638e-11,5.3484717839780505,0.13986871217322297,2.7932113108279095,-0.054205196113581156,5.488340496149733,2.793211310872803,5.294266587863116,0.14194561064448397,2.7938764247752035,-0.0863854311178926,5.489983701439936,2.7932806632454894,5.296066689335525,5.348038090795453,0.042777280652562207,5.346144101407903
source_a,-40.0,-30.0,10.0,60.0,9.862071167439163,5.063356166481006,9.862071167439163,5.063356166481006,4.798715000958158,100,4.798715000943841,4.8980572355459765e-11,4.798715000945455,0.09126167611953995,2.7944683523107,-0.1378153822573915,4.889976677063381,2.794468352357436,4.660899618685635,0.09298709598250872,2.7936310388625407,-0.10432175277703937,4.891477297967097,2.7937434368635183,4.680292643491959,4.798490201984588,0.03874873794323789,4.795749832120406
source_a,-30.0,-30.0,0.0,60.0,10.0,6.065306597126334,10.0,6.065306597126334,3.934693402873666,100,3.934693402862966,5.020029864472764e-11,3.934693402863723,0.020426099105925227,2.7923930105922405,-0.20574920198230895,3.955119501968891,2.7923930106402812,3.7289442008786384,0.02224995838627908,2.7902846939772297,-0.16074441923450475,3.9567314894641243,2.7908495769839288,3.7560856299177288,3.9344815310778456,0.03224817192356091,3.9307430607610296
source_a,-20.0,-30.0,10.0,60.0,9.862071167439163,7.0664827785771624,9.862071167439163,7.0664827785771624,2.795588388862001,100,2.795588388852616,5.095977547565485e-11,2.795588388853192,-0.14888672317395066,2.8008077018512143,-0.3866505162926428,2.6467016656786653,2.800807701900071,2.4089378725584982,-0.14702462899109128,2.798577338181491,-0.3522644686920343,2.648411165445757,2.7989808600929305,2.4331427626491333,2.795435794436848,0.02480250074422761,2.792324373097894
source_a,-10.0,-30.0,20.0,60.0,9.459594689067654,8.00737402916808,9.459594689067654,8.00737402916808,1.4522206598995737,100,1.4522206598926655,5.064872772989835e-11,1.4522206598930194,-0.20591907088959321,2.794670846490026,-0.33017668298904,1.2463015890030724,2.794670846538733,1.1220439769033483,-0.20236745397563932,2.7918091284828437,-0.30098678219043684,1.2495148584950166,2.792096905784566,1.1467622497373295,1.451882312470656,0.013829203354519391,1.4508349680463173
source_a,0.0,-30.0,30.0,60.0,8.824969025845954,8.824969025845954,8.824969025845954,8.824969025845954,0.0,100,-4.6602504927967246e-12,5.0798579760901236e-11,-4.57986426560808e-12,-0.2540525456180138,2.7985116781701223,-0.34623257595149415,-0.25405254562267404,2.7985116782191577,-0.3462325759567131,-0.25266505813127005,2.7971776553885297,-0.3618376683304379,-0.2526650580918301,2.7971776554768026,-0.3618376691022929,3.943996906841107e-11,1.448224511338296e-09,1.4763035238729572e-10
source_a,10.0,-30.0,40.0,60.0,8.00737402916808,9.459594689067654,8.00737402916808,9.459594689067654,-1.4522206598995737,100,-1.4522206599037257,5.081422038674875e-11,-1.4522206599044565,-0.4173638951297185,2.8378761609058616,-0.5647752783211907,-1.8695845550334442,2.837876160954958,-2.016995938226497,-0.4171628464415177,2.840282865230554,-0.5817447361602945,-1.869629170054075,2.8410784856400815,-2.0273240601670364,-1.4524663236125575,0.017623805865464765,-1.4515511028126953
source_a,20.0,-30.0,50.0,60.0,7.0664827785771624,9.862071167439163,7.0664827785771624,9.862071167439163,-2.795588388862001,100,-2.7955883888659376,4.963709956126981e-11,-2.7955883888671424,-0.6024261402910958,2.87577632324595,-0.7917068405540917,-3.398014529157033,2.8757763232939144,-3.587295229422277,-0.5990293185616284,2.877925819432165,-0.7705820980567666,-3.3939902268384055,2.879642433382498,-3.539944313610291,-2.794960908276777,0.03758797262530044,-2.792158870963304
source_a,30.0,-30.0,60.0,60.0,6.065306597126334,10.0,6.065306597126334,10.0,-3.934693402873666,100,-3.9346934028744815,4.895903806587515e-11,-3.9346934028763827,-0.6503737416429592,2.899896332335046,-0.8541064523552808,-4.585067144517441,2.8998963323823714,-4.788799855232497,-0.6489054512119925,2.9060876825004507,-0.8093884960194964,-4.583886878614802,2.911352641202137,-4.726373675326698,-3.934981427402809,0.058803800498288566,-3.9301123815939345
source_a,40.0,-30.0,70.0,60.0,5.063356166481006,9.862071167439163,5.063356166481006,9.862071167439163,-4.798715000958158,100,-4.798715000955065,4.801611419000668e-11,-4.798715000957646,-0.7227228127649539,2.9176953103367813,-0.944787439589927,-5.521437813720019,2.917695310383177,-5.743502440548015,-0.7208319752425613,2.921147731124344,-0.9281145093468897,-5.519748224702017,2.926125583266074,-5.687982919781886,-4.798916249459455,0.07733030722124097,-4.794152292233229
source_a,50.0,-30.0,80.0,60.0,4.111122905071874,9.459594689067654,4.111122905071874,9.459594689067654,-5.348471783995779,100,-5.348471783987061,4.5830746648869484e-11,-5.3484717839902,-0.7484317975119781,2.9204969629949544,-0.9259652993616033,-6.096903581499039,2.920496963039177,-6.274437083351879,-0.7457661654255647,2.921274827382611,-0.9131266814926648,-6.093852645274392,2.924853521646586,-6.216336277505121,-5.348086479848828,0.0895143862182634,-5.345308482374031
source_a,60.0,-30.0,90.0,60.0,3.2465246735834974,8.824969025845954,3.2465246735834974,8.824969025845954,-5.578444352262457,100,-5.578444352247223,4.2520421859212474e-11,-5.578444352252194,-0.7679284025576686,2.903661718680221,-1.016329917359735,-6.346372754804891,2.903661718721041,-6.594774269612369,-0.7640253667445973,2.899337301529589,-0.9230322820981431,-6.340994382129099,2.8985135009898864,-6.415713966631765,-5.576969015384502,0.09553175471763287,-5.568362281800049
source_a,70.0,-30.0,100.0,60.0,2.4935220877729622,8.00737402916808,2.4935220877729622,8.00737402916808,-5.513851941395117,100,-5.513851941372815,3.931772221546779e-11,-5.513851941378381,-0.7736234675813669,2.8871413595602227,-0.9920253715039837,-6.287475408954181,2.8871413595975683,-6.505877312883166,-0.7703557601204942,2.8817544480999984,-0.913251988563468,-6.283312836544103,2.8799262639622065,-6.365834460173927,-5.512957076423609,0.09423283045553739,-5.502196322267277
source_a,80.0,-30.0,110.0,60.0,1.8627046369770088,7.0664827785771624,1.8627046369770088,7.0664827785771624,-5.203778141600154,100,-5.20377814157146,3.580512848924582e-11,-5.203778141577228,-0.758558235431388,2.862330042623259,-0.9456568671525908,-5.962336377002848,2.8623300426566236,-6.149435008733734,-0.7578926817672559,2.857355197849309,-0.9670195313586194,-5.962971141328033,2.85578520098963,-6.138918144228091,-5.205078459560777,0.08738197183853098,-5.195324441456119
source_a,90.0,-30.0,120.0,60.0,1.353352832366127,6.065306597126334,1.353352832366127,6.065306597126334,-4.7119537647602066,100,-4.711953764726857,3.270774286243291e-11,-4.711953764733438,-0.7871013227612375,2.8498217636181473,-1.013072039452879,-5.499055087488094,2.8498217636479004,-5.725025804187,-0.7887406311932469,2.8457570929697,-1.0247239414348286,-5.503477398955782,2.844820875459188,-5.697079707140799,-4.714736767762535,0.07726479107045588,-4.701296948592574
source_b,-90.0,30.0,120.0,10.0,1.5229979744712628e-07,5.380186160021138e-31,5.380186160021138e-31,1.5229979744712628e-07,-1.5229979744712628e-07,100,-1.5229979775658893e-07,4.930862824731973e-16,-1.5229979778708103e-07,-0.005599851872241965,2.8067757495515924,0.14977853341541222,-0.0056000041720397535,2.8067757495515924,0.14977838111561448,-0.0031966216493816394,2.8069191410361616,0.20206427603635171,-0.003196773792879006,2.8069191411520538,0.2020641249781175,-1.5214349736655808e-07,2.4774104568452262e-09,-1.5213859150264852e-07
source_b,-80.0,30.0,110.0,10.0,3.726653172078671e-05,5.311092249679095e-26,5.311092249679095e-26,3.726653172078671e-05,-3.726653172078671e-05,100,-3.7266531719511755e-05,6.383221773173962e-16,-3.7266531719648555e-05,0.020975159536560276,2.8021147050642354,0.2734401999718561,0.020937893004840752,2.802114705064236,0.273402933440137,0.022209088990426264,2.8021433458803915,0.2769464192039084,0.022171820637190615,2.802143361171574,0.27690916676758426,-3.7268353235648254e-05,5.054068263015723e-07,-3.7229201337474205e-05
source_b,-70.0,30.0,100.0,10.0,0.0033546262790251184,1.9287498479639177e-21,1.9287498479639177e-21,0.0033546262790251184,-0.0033546262790251184,100,-0.0033546262789620027,3.321477161726055e-14,-0.003354626278974218,-0.09512722956446928,2.793636028006828,0.1302948230800903,-0.09848185584343126,2.793636028006852,0.1269401968011246,-0.09212186777897426,2.791960786206247,0.13813824974016808,-0.0954760293222982,2.7919617710716436,0.1347865808726914,-0.003354161543323945,4.889559410682885e-05,-0.003355495790102303
source_b,-60.0,30.0,90.0,10.0,0.11108996538242306,2.576757109154981e-17,2.576757109154981e-17,0.11108996538242306,-0.11108996538242304,100,-0.11108996538042379,1.0648824123383015e-12,-0.11108996538080616,-0.12606818518019308,2.7866367430287284,0.07930702554897243,-0.23715815056061687,2.786636743029483,-0.031782939831638324,-0.12348768283533569,2.785923417772213,0.11009723407994952,-0.2345696873572068,2.7859758781448143,-0.0009343702671235563,-0.1110820045218711,0.0017034650847217688,-0.11104317069573844
source_b,-50.0,30.0,80.0,10.0,1.353352832366127,1.2664165549094176e-13,1.2664165549094176e-13,1.353352832366127,-1.3533528323660005,100,-1.3533528323451647,1.1252938091524041e-11,-1.3533528323491257,-0.13986871217322294,2.7932113108279095,0.05420519611358131,-1.4932215445183876,2.7932113108359036,-1.2991476362337657,-0.13792919289545513,2.7951951012135123,0.06877766047079373,-1.4913459860534024,2.7965702254849725,-1.2832289274831923,-1.3534167931579473,0.023392480747397672,-1.353080784388375
source_b,-40.0,30.0,70.0,10.0,6.065306597126334,2.289734845645553e-10,2.289734845645553e-10,6.065306597126334,-6.0653065968973605,100,-6.065306596839726,3.129013626490764e-11,-6.0653065968505935,-0.09126167611953998,2.7944683523107,0.1378153822573915,-6.156568272959266,2.794468352333094,-5.927491214588271,-0.09192897781757955,2.802343864715753,0.14939238271414965,-6.161880357030729,2.8232111623520617,-5.932929436271307,-6.069951379213149,0.1541345107035898,-6.059824380342036
source_b,-30.0,30.0,60.0,10.0,10.0,1.5229979744712628e-07,1.5229979744712628e-07,10.0,-9.999999847700202,100,-9.999999847631761,3.738419556624956e-11,-9.999999847644716,-0.020426099105925234,2.7923930105922405,0.2057492019823088,-10.020425946737687,2.792393010619187,-9.79425064565245,-0.022737634258481014,2.8047421693461514,0.2244815810069962,-10.041593351196482,2.883190697923587,-9.8171030778458,-10.018855716938003,0.3640792100049747,-9.989722801168806
source_b,-20.0,30.0,50.0,10.0,6.065306597126334,3.726653172078671e-05,3.726653172078671e-05,6.065306597126334,-6.065269330594613,100,-6.065269330536791,3.1464388195660327e-11,-6.065269330548155,0.14888672317395066,2.8008077018512143,0.3866505162926429,-5.91638260736284,2.800807701874036,-5.678618814249004,0.14690938302291084,2.8131179252794283,0.39862914082285184,-5.924341703305757,2.8386823719602536,-5.654832200222247,-6.071251086328668,0.15330784888782858,-6.054729839246146
source_b,-10.0,30.0,40.0,10.0,1.353352832366127,0.0033546262790251184,0.0033546262790251184,1.353352832366127,-1.3499982060871019,100,-1.3499982060666524,1.094138460280316e-11,-1.34999820607075,0.20591907088959324,2.794670846490026,0.3301766829890402,-1.1440791351770592,2.7946708464980032,-1.0198215230798304,0.20597853131345123,2.806363422097957,0.3559983499548711,-1.144413968797789,2.8094682417438306,-0.989681412425925,-1.3503925001112402,0.023571674951342027,-1.3477821153163578
source_b,0.0,30.0,30.0,10.0,0.11108996538242306,0.11108996538242306,0.11108996538242306,0.11108996538242306,0.0,100,1.3543736011173423e-13,1.4763371516938982e-12,1.3289369604763124e-13,0.2540525456180138,2.7985116781701223,0.3462325759514942,0.2540525456181492,2.7985116781715473,0.3462325759516458,0.25313618649078345,2.81058779327684,0.40364678513122854,0.2531361864507239,2.810587793357989,0.4036467856116176,-4.0059546235760024e-11,1.449537093269597e-09,-1.384286019145975e-10
source_b,10.0,30.0,20.0,10.0,0.0033546262790251184,1.353352832366127,1.353352832366127,0.0033546262790251184,1.3499982060871019,100,1.3499982060681661,9.935853488870896e-12,1.3499982060711178,0.41736389512971844,2.8378761609058616,0.5647752783211906,1.7673621011978846,2.837876160913083,1.9147734843909365,0.41740861559360626,2.8454193554004066,0.6009975874860336,1.7676367301453981,2.8437781111530382,1.9491749964939116,1.3502281145517918,0.0178129833560569,1.3497528144437858
source_b,20.0,30.0,10.0,10.0,3.726653172078671e-05,6.065306597126334,6.065306597126334,3.726653172078671e-05,6.065269330594613,100,6.065269330543623,2.6471920316457957e-11,6.065269330552635,0.6024261402910958,2.87577632324595,0.7917068405540915,6.66769547083472,2.8757763232650544,6.856976171099535,0.6050639019963935,2.882107634771322,0.8101018619891425,6.6696161560789315,2.8778184359382,6.86627734919834,6.064552254082538,0.06048070324455579,6.060981964203586
source_b,30.0,30.0,0.0,10.0,1.5229979744712628e-07,10.0,10.0,1.5229979744712628e-07,9.999999847700202,100,9.999999847639165,3.160500622218829e-11,9.9999998476503,0.6503737416429592,2.899896332335046,0.8541064523552808,10.650373589282125,2.8998963323578075,10.854106299996454,0.6531857011194684,2.903001687239773,0.9048801915991951,10.651954062555307,2.89993155100588,10.873241817098728,9.998768361435838,0.08096679689834325,9.995802461341896
source_b,40.0,30.0,10.0,10.0,2.289734845645553e-10,6.065306597126334,6.065306597126334,2.289734845645553e-10,6.0653065968973605,100,6.065306596845765,2.655417919691741e-11,6.065306596855377,0.722722812764954,2.9176953103367813,0.9447874395899272,6.788029409610719,2.917695310355869,7.010094036437064,0.7233303539224111,2.927464637199576,0.9886570656500657,6.788997931595903,2.9211902827477285,7.04148879213944,6.065667577673492,0.06780631134132897,6.06291097822157
source_b,50.0,30.0,20.0,10.0,1.2664165549094176e-13,1.353352832366127,1.353352832366127,1.2664165549094176e-13,1.3533528323660005,100,1.3533528323473707,9.48858560532518e-12,1.3533528323508675,0.7484317975119781,2.9204969629949544,0.9259652993616034,2.101784629859349,2.9204969630017463,2.2793181317143922,0.7474656360923839,2.9346680246070784,0.9740066261816458,2.1012246772628953,2.9318822344471416,2.319405286158479,1.3537590411705114,0.02100465219551507,1.353086926496628
source_b,60.0,30.0,30.0,10.0,2.576757109154981e-17,0.11108996538242306,0.11108996538242306,2.576757109154981e-17,0.11108996538242304,100,0.11108996538064167,8.979759605585815e-13,0.11108996538096971,0.7679284025576686,2.903661718680221,1.016329917359735,0.8790183679383102,2.903661718680859,1.1274198827408886,0.7650817676427235,2.9235269410391096,1.0320489862001805,0.8762372254918621,2.923178070286931,1.1430847520146887,0.1111554578491386,0.002088507453915048,0.11097190367245119
source_b,70.0,30.0,40.0,10.0,1.9287498479639177e-21,0.0033546262790251184,0.0033546262790251184,1.9287498479639177e-21,0.0033546262790251184,100,0.0033546262789688783,2.791813223058004e-14,0.0033546262789784223,0.7736234675813669,2.887141359560222,0.9920253715039835,0.7769780938603358,2.887141359560242,0.9953799977829669,0.7690035088420052,2.9107173665479027,1.0368364738375968,0.7723608724658015,2.9107049392459428,1.040176124625225,0.003357363623796417,6.690347449770769e-05,0.003351823274421628
source_b,80.0,30.0,50.0,10.0,5.311092249679095e-26,3.726653172078671e-05,3.726653172078671e-05,5.311092249679095e-26,3.726653172078671e-05,100,3.7266531719608324e-05,5.89446871229208e-16,3.7266531719648555e-05,0.758558235431388,2.862330042623259,0.9456568671525908,0.7585955019631077,2.862330042623259,0.9456941336843101,0.7511857950287122,2.8890310188150967,0.9742677794121062,0.7512231051019438,2.8890308611422837,0.9743049263534076,3.731007323156843e-05,7.958801681793834e-07,3.72282354524911e-05
source_b,90.0,30.0,60.0,10.0,5.380186160021138e-31,1.5229979744712628e-07,1.5229979744712628e-07,5.380186160021138e-31,1.5229979744712628e-07,100,1.5229979782193596e-07,5.273080643411454e-16,1.5229979788422554e-07,0.7871013227612373,2.8498217636181473,1.0130720394528785,0.7871014750610352,2.8498217636181473,1.013072191752677,0.7776324539344066,2.8788467965957083,0.9636404789000252,0.7776326061896393,2.8788467957934296,0.963640630765125,1.5225523257240277e-07,3.7131407120856068e-09,1.5200320668817824e-07
source_b,-90.0,30.0,120.0,20.0,0.11108996538242306,1.5229979744712628e-07,1.5229979744712628e-07,0.11108996538242306,-0.11108981308262561,100,-0.11108981308042618,1.1599021658979089e-12,-0.11108981308085894,-0.005599851872241965,2.8067757495515924,0.14977853341541222,-0.11668966495266814,2.8067757495524277,0.03868872033449858,-0.0031966216493816394,2.8069191410361616,0.20206427603635171,-0.11427497963326047,2.8069638040969953,0.09166273493477385,-0.11107835798387883,0.001479027679781454,-0.11106074428887447
source_b,-80.0,30.0,110.0,20.0,0.4393693362340742,2.699578503363014e-06,2.699578503363014e-06,0.4393693362340742,-0.43936663665557085,100,-0.4393666366474072,4.295024023686471e-12,-0.4393666366490338,0.020975159536560276,2.8021147050642354,0.2734401999718561,-0.41839147711084695,2.8021147050673147,-0.16592643667577153,0.022209088990426264,2.8021433458803915,0.2769464192039084,-0.41718046245513557,2.8023374222480872,-0.1622400384478382,-0.4393895514455618,0.006108587929533508,-0.4388910924558276
source_b,-70.0,30.0,100.0,20.0,1.353352832366127,3.726653172078671e-05,3.726653172078671e-05,1.353352832366127,-1.3533155658344063,100,-1.3533155658125664,1.1523201513862802e-11,-1.3533155658167382,-0.09512722956446928,2.793636028006828,0.1302948230800903,-1.4484427953770356,2.7936360280150034,-1.223020742733869,-0.09212186777897426,2.791960786206247,0.13813824974016808,-1.4452662358529298,2.7925053927244456,-1.2138891967248011,-1.3531443680739554,0.021364795020783374,-1.3536967398753563
source_b,-60.0,30.0,90.0,20.0,3.2465246735834974,0.0004006529739295107,0.0004006529739295107,3.2465246735834974,-3.246124020609568,100,-3.2461240205678905,2.2196849189415748e-11,-3.2461240205758592,-0.12606818518019308,2.7866367430287284,0.07930702554897243,-3.3721922057480835,2.7866367430444514,-3.1668169950228124,-0.12348768283533569,2.785923417772213,0.11009723407994952,-3.369578606538082,2.7886898481302427,-3.1339976711477675,-3.2460909237027464,0.06028697831269448,-3.244483192403578
source_b,-50.0,30.0,80.0,20.0,6.065306597126334,0.0033546262790251184,0.0033546262790251184,6.065306597126334,-6.061951970847309,100,-6.061951970788811,3.1632615332827495e-11,-6.06195197079994,-0.13986871217322294,2.7932113108279095,0.05420519611358131,-6.201820682962033,2.793211310850402,-6.007746774681355,-0.13792919289545513,2.7951951012135123,0.06877766047079373,-6.201451881049623,2.80799286065589,-5.985356284873787,-6.063522688154168,0.14245921031435307,-6.060358743945727
source_b,-40.0,30.0,70.0,20.0,8.824969025845954,0.02187491118182885,0.02187491118182885,8.824969025845954,-8.803094114664125,100,-8.803094114597975,3.614944129714757e-11,-8.80309411461073,-0.09126167611953998,2.7944683523107,0.1378153822573915,-8.894355790717515,2.794468352336703,-8.665278732347382,-0.09192897781757955,2.802343864715753,0.14939238271414965,-8.905353473053731,2.8479934514069987,-8.688401128245058,-8.813424495236152,0.27508560723515907,-8.793594756082458
source_b,-30.0,30.0,60.0,20.0,10.0,0.11108996538242306,0.11108996538242306,10.0,-9.888910034617577,100,-9.888910034551074,3.750040573379831e-11,-9.888910034564148,-0.020426099105925234,2.7923930105922405,0.2057492019823088,-9.909336133657,2.792393010619895,-9.683160832571595,-0.022737634258481014,2.8047421693461514,0.2244815810069962,-9.929973357484135,2.8809204117243183,-9.70472689921168,-9.907235723225654,0.35649473419774785,-9.878821516794904
source_b,-20.0,30.0,50.0,20.0,8.824969025845954,0.4393693362340742,0.4393693362340742,8.824969025845954,-8.38559968961188,100,-8.385599689552242,3.692447628818203e-11,-8.385599689565051,0.14888672317395066,2.8008077018512143,0.3866505162926429,-8.236712966378292,2.8008077018801587,-7.998949173264336,0.14690938302291084,2.8131179252794283,0.39862914082285184,-8.250100319171308,2.861773087921985,-7.968055767744321,-8.39700970219422,0.25378546662453333,-8.368903394505907
source_b,-10.0,30.0,40.0,20.0,6.065306597126334,1.353352832366127,1.353352832366127,6.065306597126334,-4.7119537647602066,100,-4.711953764721975,3.3411993098488296e-11,-4.711953764729136,0.20591907088959324,2.794670846490026,0.3301766829890402,-4.506034693832381,2.7946708465195003,-4.381777081736758,0.20597853131345123,2.806363422097957,0.3559983499548711,-4.508272178118134,2.822072721811239,-4.337480846090856,-4.714250709431585,0.10305976615692232,-4.7025176928318295
source_b,0.0,30.0,30.0,20.0,3.2465246735834974,3.2465246735834974,3.2465246735834974,3.2465246735834974,0.0,100,2.82351932199415e-12,3.077797994574357e-11,2.774849794384693e-12,0.2540525456180138,2.7985116781701223,0.3462325759514942,0.25405254562083734,2.798511678199832,0.3462325759546564,0.25313618649078345,2.81058779327684,0.40364678513122854,0.2531361864507273,2.8105877933579912,0.4036467856116309,-4.005615172886223e-11,1.4495363315991936e-09,-1.384309333829492e-10
source_b,10.0,30.0,20.0,20.0,1.353352832366127,6.065306597126334,6.065306597126334,1.353352832366127,4.7119537647602066,100,4.711953764728143,3.1332643009119315e-11,4.7119537647366325,0.41736389512971844,2.8378761609058616,0.5647752783211906,5.129317659857861,2.8378761609341274,5.276729043052619,0.41740861559360626,2.8454193554004066,0.6009975874860336,5.129897652303965,2.8411405651320965,5.304385196539821,4.712489036710359,0.0514580024496756,4.711239699992353
source_b,20.0,30.0,10.0,20.0,0.4393693362340742,8.824969025845954,8.824969025845954,0.4393693362340742,8.38559968961188,100,8.385599689560753,3.139371439861477e-11,8.38559968957159,0.6024261402910958,2.87577632324595,0.7917068405540915,8.988025829851848,2.875776323271026,9.177306530116955,0.6050639019963935,2.882107634771322,0.8101018619891425,8.98970179930703,2.8771080446576307,9.184483875938753,8.384637897310636,0.07434996571560822,8.380314190992419
source_b,30.0,30.0,0.0,20.0,0.11108996538242306,10.0,10.0,0.11108996538242306,9.888910034617577,100,9.888910034558615,3.178063194944398e-11,9.888910034569793,0.6503737416429592,2.899896332335046,0.8541064523552808,10.539283776201575,2.8998963323586318,10.743016486915929,0.6531857011194684,2.903001687239773,0.9048801915991951,10.540874421641467,2.899939622580309,10.7623868359539,9.887688720521998,0.08048945198556534,9.884737785347516
source_b,40.0,30.0,10.0,20.0,0.02187491118182885,8.824969025845954,8.824969025845954,0.02187491118182885,8.803094114664125,100,8.80309411460498,3.069509053086883e-11,8.80309411461603,0.722722812764954,2.9176953103367813,0.9447874395899272,9.525816927369933,2.9176953103589938,9.747881554196502,0.7233303539224111,2.927464637199576,0.9886570656500657,9.52677760333436,2.9199289851417496,9.771523556512072,8.803447249411947,0.08563956538895097,8.80005420005213
source_b,50.0,30.0,20.0,20.0,0.0033546262790251184,6.065306597126334,6.065306597126334,0.0033546262790251184,6.061951970847309,100,6.061951970795016,2.6675155161466334e-11,6.061951970804835,0.7484317975119781,2.9204969629949544,0.9259652993616034,6.810383768306994,2.920496963014071,6.987917270171829,0.7474656360923839,2.9346680246070784,0.9740066261816458,6.810591837878032,2.925996591805719,7.008193498275874,6.063126201785648,0.07222500178557872,6.0610159583747665
source_b,60.0,30.0,30.0,20.0,0.0004006529739295107,3.2465246735834974,3.2465246735834974,0.0004006529739295107,3.246124020609568,100,3.2461240205724335,1.8718064268174308e-11,3.246124020579275,0.7679284025576686,2.903661718680221,1.016329917359735,4.014052423130102,2.903661718693522,4.262453937942828,0.7650817676427235,2.9235269410391096,1.0320489862001805,4.012661040557109,2.9156722520023615,4.2768350430667645,3.247579272914386,0.05050300127288299,3.2432225744885077
source_b,70.0,30.0,40.0,20.0,3.726653172078671e-05,1.353352832366127,1.353352832366127,3.726653172078671e-05,1.3533155658344063,100,1.3533155658149834,9.699343382394344e-12,1.3533155658181881,0.7736234675813669,2.887141359560222,0.9920253715039835,2.1269390333963503,2.887141359567104,2.3453409373237974,0.7690035088420052,2.9107173665479027,1.0368364738375968,2.123304563436977,2.906254615219506,2.3845541174835727,1.354301054594972,0.024790948817461127,1.3522676649889276
source_b,80.0,30.0,50.0,20.0,2.699578503363014e-06,0.4393693362340742,0.4393693362340742,2.699578503363014e-06,0.43936663665557085,100,0.43936663664841313,3.550385562947529e-12,0.4393666366495692,0.758558235431388,2.862330042623259,0.9456568671525908,1.1979248720798013,2.862330042625776,1.385023503803287,0.7511857950287122,2.8890310188150967,0.9742677794121062,1.1910455633924664,2.88724494479562,1.4122434541492799,0.4398597683637543,0.009118464938235189,0.4389239442257069
source_b,90.0,30.0,60.0,20.0,1.5229979744712628e-07,0.11108996538242306,0.11108996538242306,1.5229979744712628e-07,0.11108981308262561,100,0.11108981308068963,9.568196071245542e-13,0.1110898130809819,0.7871013227612373,2.8498217636181473,1.0130720394528785,0.898191135841927,2.8498217636188277,1.1241618525339336,0.7776324539344066,2.8788467965957083,0.9636404789000252,0.8888796580000431,2.878337557179805,1.0741871231562647,0.11124720406563642,0.002476784136805294,0.11096986535404174
source_b,-90.0,30.0,120.0,30.0,1.353352832366127,0.0033546262790251184,0.0033546262790251184,1.353352832366127,-1.3499982060871019,100,-1.34999820606385,1.2300256127508796e-11,-1.3499982060684217,-0.005599851872241965,2.8067757495515924,0.14977853341541222,-1.3555980579360918,2.8067757495604693,-1.2002196726535868,-0.0031966216493816394,2.8069191410361616,0.20206427603635171,-1.3530683627895455,2.8075845174167906,-1.1389498231856663,-1.349871741140164,0.01932446300775519,-1.3496199452182196
source_b,-80.0,30.0,110.0,30.0,2.4935220877729622,0.01203859994828203,0.01203859994828203,2.4935220877729622,-2.48148348782468,100,-2.4814834877878496,1.9510927055638547e-11,-2.4814834877951664,0.020975159536560276,2.8021147050642354,0.2734401999718561,-2.460508328251289,2.8021147050782997,-2.2080432878169765,0.022209088990426264,2.8021433458803915,0.2769464192039084,-2.4595098368928947,2.8036915604682764,-2.2033901889966003,-2.481718925883321,0.03896328512336221,-2.4784606990673668
source_b,-70.0,30.0,100.0,30.0,4.111122905071874,0.038659201394728074,0.038659201394728074,4.111122905071874,-4.072463703677146,100,-4.0724637036279665,2.6375001809841404e-11,-4.072463703637263,-0.09512722956446928,2.793636028006828,0.1302948230800903,-4.167590933192436,2.7936360280257873,-3.942168880550979,-0.09212186777897426,2.791960786206247,0.13813824974016808,-4.16426601136274,2.794941003950066,-3.929778710757496,-4.072144143583765,0.07603219680147674,-4.073835517163621
source_b,-60.0,30.0,90.0,30.0,6.065306597126334,0.11108996538242306,0.11108996538242306,6.065306597126334,-5.954216631743911,100,-5.954216631686398,3.184104878689314e-11,-5.954216631697514,-0.12606818518019308,2.7866367430287284,0.07930702554897243,-6.080284816866591,2.786636743051968,-5.874909606142713,-0.12348768283533569,2.785923417772213,0.11009723407994952,-6.078290504167377,2.79440725679441,-5.83977657182298,-5.954802821332041,0.13194586605539171,-5.950670654974046
source_b,-50.0,30.0,80.0,30.0,8.00737402916808,0.2856550078455038,0.2856550078455038,8.00737402916808,-7.721719021322576,100,-7.7217190212622455,3.572624353890434e-11,-7.7217190212738895,-0.13986871217322294,2.7932113108279095,0.05420519611358131,-7.861587733435469,2.793211310854959,-7.667513825154794,-0.13792919289545513,2.7951951012135123,0.06877766047079373,-7.862752636657157,2.8167851179796606,-7.6420205434015624,-7.724823443761701,0.20412444977016087,-7.7194834794455165
source_b,-40.0,30.0,70.0,30.0,9.459594689067654,0.6572852861653047,0.6572852861653047,9.459594689067654,-8.802309402902349,100,-8.80230940284553,3.787033689038904e-11,-8.802309402857585,-0.09126167611953998,2.7944683523107,0.1378153822573915,-8.89357107896507,2.794468352341178,-8.664494020593526,-0.09192897781757955,2.802343864715753,0.14939238271414965,-8.90456651510513,2.847983676142526,-8.687610449823826,-8.812637537287548,0.27504392469586203,-8.792811383136169
source_b,-30.0,30.0,60.0,30.0,10.0,1.353352832366127,1.353352832366127,10.0,-8.646647167633873,100,-8.646647167585975,3.990248902947624e-11,-8.646647167595372,-0.020426099105925234,2.7923930105922405,0.2057492019823088,-8.6670732666919,2.7923930106266917,-8.44089796560488,-0.022737634258481014,2.8047421693461514,0.2244815810069962,-8.682668633286413,2.859526455841574,-8.449227299152668,-8.659930999027932,0.2802237220075236,-8.638516015431708
source_b,-20.0,30.0,50.0,30.0,9.459594689067654,2.4935220877729622,2.4935220877729622,9.459594689067654,-6.966072601294691,100,-6.966072601258915,4.2303279346187415e-11,-6.96607260126493,0.14888672317395066,2.8008077018512143,0.3866505162926429,-6.817185878084964,2.800807701889881,-6.579422084968046,0.14690938302291084,2.8131179252794283,0.39862914082285184,-6.826916511383,2.8462033920912275,-6.553091740954212,-6.973825894405911,0.18845251280000141,-6.953313039294343
source_b,-10.0,30.0,40.0,30.0,8.00737402916808,4.111122905071874,4.111122905071874,8.00737402916808,-3.8962511240962057,100,-3.8962511240760853,4.344313886872748e-11,-3.8962511240802864,0.20591907088959324,2.794670846490026,0.3301766829890402,-3.6903320531864923,2.794670846531293,-3.566074441088483,0.20597853131345123,2.806363422097957,0.3559983499548711,-3.69194202676242,2.8181664056340994,-3.5257282321748766,-3.897920558075871,0.080515374470377,-3.8888227983681944
source_b,0.0,30.0,30.0,30.0,6.065306597126334,6.065306597126334,6.065306597126334,6.065306597126334,0.0,100,4.036071598462199e-12,4.399519213708356e-11,3.966479922290489e-12,0.2540525456180138,2.7985116781701223,0.3462325759514942,0.2540525456220499,2.7985116782125905,0.346232575956015,0.25313618649078345,2.81058779327684,0.40364678513122854,0.25313618645072433,2.8105877933579904,0.40364678561162415,-4.0059111583445886e-11,1.449537136528977e-09,-1.384188319519808e-10
source_b,10.0,30.0,20.0,30.0,4.111122905071874,8.00737402916808,8.00737402916808,4.111122905071874,3.8962511240962057,100,3.896251124085236,4.261863564875405e-11,3.8962511240894555,0.41736389512971844,2.8378761609058616,0.5647752783211906,4.3136150192149545,2.8378761609468532,4.461026402408741,0.41740861559360626,2.8454193554004066,0.6009975874860336,4.314145692995823,2.8416373389687735,4.492018779894012,3.8967370774022174,0.044485881353167826,3.8956347271782796
source_b,20.0,30.0,10.0,30.0,2.4935220877729622,9.459594689067654,9.459594689067654,2.4935220877729622,6.966072601294691,100,6.966072601269783,3.845835377808724e-11,6.966072601277371,0.6024261402910958,2.87577632324595,0.7917068405540915,7.568498741560878,2.8757763232821603,7.757779441826061,0.6050639019963935,2.882107634771322,0.8101018619891425,7.570320147598838,2.8775071015110236,7.766188781916392,6.965256245602444,0.06631590470144512,6.9613659552524325
source_b,30.0,30.0,0.0,30.0,1.353352832366127,10.0,10.0,1.353352832366127,8.646647167633873,100,8.64664716759484,3.526259172058943e-11,8.646647167604934,0.6503737416429592,2.899896332335046,0.8541064523552808,9.297020909237801,2.8998963323665468,9.500753619952388,0.6531857011194684,2.903001687239773,0.9048801915991951,9.298731952714078,2.900046796423752,9.522963540012906,8.645546251594611,0.0747100851794643,8.642778902592827
source_b,40.0,30.0,10.0,30.0,0.6572852861653047,9.459594689067654,9.459594689067654,0.6572852861653047,8.802309402902349,100,8.802309402853469,3.2863160023250895e-11,8.802309402865465,0.722722812764954,2.9176953103367813,0.9447874395899272,9.525032215618424,2.9176953103640986,9.747096842445295,0.7233303539224111,2.927464637199576,0.9886570656500657,9.525992898758153,2.9199292718556986,9.770740736843397,8.802662544835743,0.08563523208792578,8.79926964555662
source_b,50.0,30.0,20.0,30.0,0.2856550078455038,8.00737402916808,8.00737402916808,0.2856550078455038,7.721719021322576,100,7.721719021269519,3.0419155239611554e-11,7.721719021280275,0.7484317975119781,2.9204969629949544,0.9259652993616034,8.470150818781498,2.9204969630185675,8.647684320646626,0.7474656360923839,2.9346680246070784,0.9740066261816458,8.470494377781812,2.9247861245935836,8.66315714219158,7.723028741689427,0.08442203351825314,7.720618865928167
source_b,60.0,30.0,30.0,30.0,0.11108996538242306,6.065306597126334,6.065306597126334,0.11108996538242306,5.954216631743911,100,5.954216631693026,2.6950829318097567e-11,5.95421663170235,0.7679284025576686,2.903661718680221,1.016329917359735,6.722145034250694,2.903661718700135,6.970546549067416,0.7650817676427235,2.9235269410391096,1.0320489862001805,6.7214692925344695,2.911693840389921,6.984128867718038,5.956387524891746,0.07966619442710786,5.9495957140322115
source_b,70.0,30.0,40.0,30.0,0.038659201394728074,4.111122905071874,4.111122905071874,0.038659201394728074,4.072463703677146,100,4.072463703633537,2.2230794712675193e-11,4.072463703641096,0.7736234675813669,2.887141359560222,0.9920253715039835,4.846087171214903,2.887141359576268,5.064489075148382,0.7690035088420052,2.9107173665479027,1.0368364738375968,4.843873142840819,2.8998614363598527,5.094768820662141,4.074869633998813,0.06349688541320851,4.069743582371938
source_b,80.0,30.0,50.0,30.0,0.01203859994828203,2.4935220877729622,2.4935220877729622,0.01203859994828203,2.48148348782468,100,2.4814834877924308,1.6135639290486662e-11,2.481483487797714,0.758558235431388,2.862330042623259,0.9456568671525908,3.240041723223819,2.862330042634781,3.4271403549553154,0.7511857950287122,2.8890310188150967,0.9742677794121062,3.235053566544319,2.8805295009371403,3.4487341029932406,2.483867771515607,0.04534555963726997,2.479251334791097
source_b,90.0,30.0,60.0,30.0,0.0033546262790251184,1.353352832366127,1.353352832366127,0.0033546262790251184,1.3499982060871019,100,1.3499982060666467,1.0149658698019667e-11,1.3499982060697637,0.7871013227612373,2.8498217636181473,1.0130720394528785,2.137099528827884,2.8498217636253895,2.3630702455233754,0.7776324539344066,2.8788467965957083,0.9636404789000252,2.1293707737489393,2.8732952930364415,2.3074814352164124,1.3517383198145325,0.027787433939518994,1.3486375951967624
source_b,-90.0,30.0,120.0,45.0,4.111122905071874,0.2856550078455038,0.2856550078455038,4.111122905071874,-3.8254678972263703,100,-3.8254678971785454,2.8540231620930433e-11,-3.8254678971882567,-0.005599851872241965,2.8067757495515924,0.14977853341541222,-3.831067749050787,2.806775749573839,-3.675689363773608,-0.0031966216493816394,2.8069191410361616,0.20206427603635171,-3.828437708705125,2.8097779014446216,-3.606423439048342,-3.825241087055743,0.06362369035215165,-3.824235033828378
source_b,-80.0,30.0,110.0,45.0,5.394075072376267,0.5040553336275365,0.5040553336275365,5.394075072376267,-4.89001973874873,100,-4.89001973869757,3.2563412108670647e-11,-4.890019738707236,0.020975159536560276,2.8021147050642354,0.2734401999718561,-4.8690445791610095,2.802114705090358,-4.616579538726642,0.022209088990426264,2.8021433458803915,0.2769464192039084,-4.868661551435603,2.8067720145227333,-4.6143155605985395,-4.890870640426029,0.08919075509839304,-4.883137890776557
source_b,-70.0,30.0,100.0,45.0,6.736384553447268,0.8465798862252998,0.8465798862252998,6.736384553447268,-5.889804667221968,100,-5.889804667172498,3.544967352542566e-11,-5.889804667181892,-0.09512722956446928,2.793636028006828,0.1302948230800903,-5.984931896736968,2.7936360280363735,-5.759509844094845,-0.09212186777897426,2.791960786206247,0.13813824974016808,-5.981815527392586,2.7982829983801465,-5.744325292553604,-5.889693659613611,0.1236677281616097,-5.89205420996193
source_b,-60.0,30.0,90.0,45.0,8.00737402916808,1.353352832366127,1.353352832366127,8.00737402916808,-6.654021196801953,100,-6.654021196757311,3.823657695136042e-11,-6.6540211967653455,-0.12606818518019308,2.7866367430287284,0.07930702554897243,-6.780089381937504,2.7866367430620147,-6.574714171211579,-0.12348768283533569,2.785923417772213,0.11009723407994952,-6.778437990567368,2.7967638089120888,-6.538871317592115,-6.654950307732032,0.15462352748208355,-6.649884706763736
source_b,-50.0,30.0,80.0,45.0,9.059551911095095,2.0592424643419873,2.0592424643419873,9.059551911095095,-7.000309446753108,100,-7.000309446715641,4.145515146338358e-11,-7.000309446721857,-0.13986871217322294,2.7932113108279095,0.05420519611358131,-7.140178158888864,2.7932113108654235,-6.946104250604854,-0.13792919289545513,2.7951951012135123,0.06877766047079373,-7.140573961556711,2.8124917300047696,-6.922019864947559,-7.0026447686612565,0.17570674851887247,-6.99836634938948
source_b,-40.0,30.0,70.0,45.0,9.75610980064846,2.9823409618142156,2.9823409618142156,9.75610980064846,-6.773768838834244,100,-6.773768838804994,4.4141836326803895e-11,-6.7737688388091755,-0.09126167611953998,2.7944683523107,0.1378153822573915,-6.865030514924534,2.79446835235178,-6.635953456548964,-0.09192897781757955,2.802343864715753,0.14939238271414965,-6.871468423803017,2.8281363162996405,-6.645417332486821,-6.779539445985437,0.18124980352998613,-6.767363415039161
source_b,-30.0,30.0,60.0,45.0,10.0,4.111122905071874,4.111122905071874,10.0,-5.888877094928126,100,-5.888877094906637,4.6632929744247597e-11,-5.88887709491029,-0.020426099105925234,2.7923930105922405,0.2057492019823088,-5.909303194012562,2.79239301063634,-5.683127892923247,-0.022737634258481014,2.8047421693461514,0.2244815810069962,-5.917810755925186,2.8300392450264273,-5.668396577721186,-5.895073121666705,0.15382984041729766,-5.884233672046978
source_b,-20.0,30.0,50.0,45.0,9.75610980064846,5.394075072376267,5.394075072376267,9.75610980064846,-4.362034728272193,100,-4.362034728256166,4.854658973137411e-11,-4.362034728258939,0.14888672317395066,2.8008077018512143,0.3866505162926429,-4.213148005082216,2.800807701897505,-3.9753842119628664,0.14690938302291084,2.8131179252794283,0.39862914082285184,-4.218592541019926,2.8280020980795335,-3.95576067412052,-4.365501924042837,0.09753475995852728,-4.35516748430314
source_b,-10.0,30.0,40.0,45.0,9.059551911095095,6.736384553447268,6.736384553447268,9.059551911095095,-2.3231673576478276,100,-2.323167357637857,4.889607609233122e-11,-2.3231673576392584,0.20591907088959324,2.794670846490026,0.3301766829890402,-2.1172482867482634,2.794670846536979,-1.9929906746489379,0.20597853131345123,2.806363422097957,0.3559983499548711,-2.1179716626042855,2.812275814922002,-1.9592963084792512,-2.3239501939177365,0.043198398524714895,-2.3191320912522198
source_b,0.0,30.0,30.0,45.0,8.00737402916808,8.00737402916808,8.00737402916808,8.00737402916808,0.0,100,4.5146483816996264e-12,4.9211252415076294e-11,4.436367939675279e-12,0.2540525456180138,2.7985116781701223,0.3462325759514942,0.2540525456225285,2.7985116782176256,0.34623257595655027,0.25313618649078345,2.81058779327684,0.40364678513122854,0.2531361864507288,2.8105877933579926,0.4036467856116344,-4.005465570333655e-11,1.4495343690491746e-09,-1.384197201304005e-10
source_b,10.0,30.0,20.0,45.0,6.736384553447268,9.059551911095095,9.059551911095095,6.736384553447268,2.3231673576478276,100,2.323167357648468,4.8831158803948254e-11,2.323167357650001,0.41736389512971844,2.8378761609058616,0.5647752783211906,2.740531252778186,2.83787616095305,2.8879426359714087,0.41740861559360626,2.8454193554004066,0.6009975874860336,2.740925965734994,2.842836009856969,2.9211941782908752,2.3235173501413877,0.028974189799340862,2.3227672333371476
source_b,20.0,30.0,10.0,45.0,5.394075072376267,9.75610980064846,9.75610980064846,5.394075072376267,4.362034728272193,100,4.36203472826887,4.65792142792479e-11,4.362034728271102,0.6024261402910958,2.87577632324595,0.7917068405540915,4.964460868559966,2.875776323290955,5.153741568825193,0.6050639019963935,2.882107634771322,0.8101018619891425,4.9665816776083895,2.878568954337466,5.165000785503075,4.361517775611996,0.04761129049237841,4.358668632015835
source_b,30.0,30.0,0.0,45.0,4.111122905071874,10.0,10.0,4.111122905071874,5.888877094928126,100,5.888877094917384,4.4364010223742214e-11,5.8888770949213995,0.6503737416429592,2.899896332335046,0.8541064523552808,6.539250836560344,2.8998963323777818,6.742983547275264,0.6531857011194684,2.903001687239773,0.9048801915991951,6.5412730933348575,2.900441579945491,6.773140248110346,5.88808739221539,0.058462754595297546,5.885859832995436
source_b,40.0,30.0,10.0,45.0,2.9823409618142156,9.75610980064846,9.75610980064846,2.9823409618142156,6.773768838834244,100,6.773768838815076,4.1627156055838855e-11,6.77376883882052,0.722722812764954,2.9176953103367813,0.9447874395899272,7.49649165158003,2.9176953103765304,7.718556278407636,0.7233303539224111,2.927464637199576,0.9886570656500657,7.497462363398845,2.9208072000526153,7.747706388482081,6.774132009476434,0.07298569654015793,6.771186697465411
source_b,50.0,30.0,20.0,45.0,2.0592424643419873,9.059551911095095,9.059551911095095,2.0592424643419873,7.000309446753108,100,7.000309446724859,3.805037622881652e-11,7.000309446732386,0.7484317975119781,2.9204969629949544,0.9259652993616034,7.748741244236838,2.920496963030578,7.926274746095098,0.7474656360923839,2.9346680246070784,0.9740066261816458,7.749031404564195,2.9252742118133246,7.943723825892821,7.001565768471811,0.07941390464033854,6.99927690267967
source_b,60.0,30.0,30.0,45.0,1.353352832366127,8.00737402916808,8.00737402916808,1.353352832366127,6.654021196801953,100,6.654021196765994,3.4165739982554573e-11,6.6540211967741545,0.7679284025576686,2.903661718680221,1.016329917359735,7.421949599323662,2.903661718711081,7.670351114136579,0.7650817676427235,2.9235269410391096,1.0320489862001805,7.421411924486584,2.910912669344421,7.683763673546877,6.656330156843861,0.08577477893091513,6.649036056069375
source_b,70.0,30.0,40.0,45.0,0.8465798862252998,6.736384553447268,6.736384553447268,0.8465798862252998,5.889804667221968,100,5.88980466718052,3.0881791869164075e-11,5.8898046671895825,0.7736234675813669,2.887141359560222,0.9920253715039835,6.663428134761887,2.887141359586844,6.881830038695145,0.7690035088420052,2.9107173665479027,1.0368364738375968,6.661874072056484,2.8969069325192214,6.907517422227521,5.89287056321448,0.08300822913051777,5.886224951524519
source_b,80.0,30.0,50.0,45.0,0.5040553336275365,5.394075072376267,5.394075072376267,0.5040553336275365,4.89001973874873,100,4.890019738705588,2.741315950580668e-11,4.8900197387145825,0.758558235431388,2.862330042623259,0.9456568671525908,5.648577974136976,2.8623300426457394,5.83567660587211,0.7511857950287122,2.8890310188150967,0.9742677794121062,5.645182268849503,2.8750579224091606,5.852116511235719,4.89399647382079,0.07766007833894187,4.886149983932326
source_b,90.0,30.0,60.0,45.0,0.2856550078455038,4.111122905071874,4.111122905071874,0.2856550078455038,3.8254678972263703,100,3.8254678971852454,2.3770523267661824e-11,3.825467897192057,0.7871013227612373,2.8498217636181473,1.0130720394528785,4.612569219946483,2.84982176363689,4.838539936646094,0.7776324539344066,2.8788467965957083,0.9636404789000252,4.607241146908858,2.8659405778370575,4.792378956966461,3.829608692974451,0.06774699368902412,3.822092969170206
source_b,-90.0,30.0,120.0,60.0,6.065306597126334,1.353352832366127,1.353352832366127,6.065306597126334,-4.7119537647602066,100,-4.711953764717676,3.770286415791361e-11,-4.711953764725642,-0.005599851872241965,2.8067757495515924,0.14977853341541222,-4.7175536165899175,2.806775749584945,-4.562175231311182,-0.0031966216493816394,2.8069191410361616,0.20206427603635171,-4.714962066611087,2.811017852719092,-4.489665256376091,-4.7117654449617055,0.08283502085590956,-4.710355760180542
source_b,-80.0,30.0,110.0,60.0,7.0664827785771624,1.8627046369770088,1.8627046369770088,7.0664827785771624,-5.203778141600154,100,-5.203778141561206,4.024612091558348e-11,-5.203778141568204,0.020975159536560276,2.8021147050642354,0.2734401999718561,-5.182802982024645,2.8021147051006516,-4.93033794158896,0.022209088990426264,2.8021433458803915,0.2769464192039084,-5.182544349609515,2.8073476800254573,-4.925282233718395,-5.204753438599941,0.09683396858501474,-5.1963128826278755
source_b,-70.0,30.0,100.0,60.0,8.00737402916808,2.4935220877729622,2.4935220877729622,8.00737402916808,-5.513851941395117,100,-5.513851941362978,4.2394785304000266e-11,-5.513851941367513,-0.09512722956446928,2.793636028006828,0.1302948230800903,-5.608979170927447,2.7936360280460604,-5.38355711828316,-0.09212186777897426,2.791960786206247,0.13813824974016808,-5.605788589077242,2.7974324514689073,-5.368997371840314,-5.513666721298267,0.11295308309486571,-5.515904735196671
source_b,-60.0,30.0,90.0,60.0,8.824969025845954,3.2465246735834974,3.2465246735834974,8.824969025845954,-5.578444352262457,100,-5.578444352236933,4.4660032528978754e-11,-5.578444352238845,-0.12606818518019308,2.7866367430287284,0.07930702554897243,-5.704512537417126,2.786636743070702,-5.499137326688516,-0.12348768283533569,2.785923417772213,0.11009723407994952,-5.702372362676266,2.79332177268632,-5.464365195196673,-5.578884679840931,0.12054581928463347,-5.575197368245253
source_b,-50.0,30.0,80.0,60.0,9.459594689067654,4.111122905071874,4.111122905071874,9.459594689067654,-5.348471783995779,100,-5.34847178397651,4.7309286817441457e-11,-5.3484717839780505,-0.13986871217322294,2.7932113108279095,0.05420519611358131,-5.488340496149734,2.793211310872803,-5.294266587863116,-0.13792919289545513,2.7951951012135123,0.06877766047079373,-5.48753336471857,2.8052396677165694,-5.27306466385031,-5.349604171823115,0.11968854836812935,-5.347122981950236
source_b,-40.0,30.0,70.0,60.0,9.862071167439163,5.063356166481006,5.063356166481006,9.862071167439163,-4.798715000958158,100,-4.798715000943841,4.898045046283846e-11,-4.798715000945455,-0.09126167611953998,2.7944683523107,0.1378153822573915,-4.889976677063381,2.7944683523574363,-4.660899618685636,-0.09192897781757955,2.802343864715753,0.14939238271414965,-4.893701220224339,2.8162217494224286,-4.659947383167181,-4.801772242406759,0.11152474186888135,-4.7947091106794035
source_b,-30.0,30.0,60.0,60.0,10.0,6.065306597126334,6.065306597126334,10.0,-3.934693402873666,100,-3.934693402862966,5.0200295501508756e-11,-3.934693402863723,-0.020426099105925234,2.7923930105922405,0.2057492019823088,-3.955119501968891,2.7923930106402812,-3.7289442008786384,-0.022737634258481014,2.8047421693461514,0.2244815810069962,-3.9606855367838305,2.8179887213287795,-3.709415176544075,-3.9379479025253494,0.08937669361873725,-3.93194342054049
source_b,-20.0,30.0,50.0,60.0,9.862071167439163,7.0664827785771624,7.0664827785771624,9.862071167439163,-2.795588388862001,100,-2.795588388852616,5.095966855291229e-11,-2.795588388853192,0.14888672317395066,2.8008077018512143,0.3866505162926429,-2.6467016656786653,2.800807701900071,-2.4089378725584982,0.14690938302291084,2.8131179252794283,0.39862914082285184,-2.650526923805039,2.821093419500975,-2.392500559154554,-2.7974363068279495,0.05617057090626057,-2.7915639518042195
source_b,-10.0,30.0,40.0,60.0,9.459594689067654,8.00737402916808,8.00737402916808,9.459594689067654,-1.4522206598995737,100,-1.4522206598926657,5.0648757200441205e-11,-1.4522206598930198,0.20591907088959324,2.794670846490026,0.3301766829890402,-1.2463015890030724,2.794670846538733,-1.1220439769033483,0.20597853131345123,2.806363422097957,0.3559983499548711,-1.2466726108646526,2.8097383039684556,-1.091548863695053,-1.4526511421781039,0.02552264012395675,-1.4498226749021146
source_b,0.0,30.0,30.0,60.0,8.824969025845954,8.824969025845954,8.824969025845954,8.824969025845954,0.0,100,4.660276995034629e-12,5.079856204771051e-11,4.579975287910543e-12,0.2540525456180138,2.7985116781701223,0.3462325759514942,0.2540525456226741,2.7985116782191577,0.3462325759567133,0.25313618649078345,2.81058779327684,0.40364678513122854,0.25313618645072455,2.8105877933579904,0.40364678561161593,-4.0058873995718615e-11,1.4495364064079943e-09,-1.384499181966703e-10
source_b,10.0,30.0,20.0,60.0,8.00737402916808,9.459594689067654,9.459594689067654,8.00737402916808,1.4522206598995737,100,1.4522206599037257,5.081412924755492e-11,1.4522206599044565,0.41736389512971844,2.8378761609058616,0.5647752783211906,1.8695845550334442,2.837876160954958,2.016995938226497,0.41740861559360626,2.8454193554004066,0.6009975874860336,1.8698733779170016,2.8436706347781793,2.051270598063286,1.4524647623233953,0.01904749960275927,1.4519581903427023
source_b,20.0,30.0,10.0,60.0,7.0664827785771624,9.862071167439163,9.862071167439163,7.0664827785771624,2.795588388862001,100,2.7955883888659376,4.9637080289001684e-11,2.7955883888671424,0.6024261402910958,2.87577632324595,0.7917068405540915,3.398014529157033,2.8757763232939144,3.5872952294222764,0.6050639019963935,2.882107634771322,0.8101018619891425,3.4003279893783436,2.8795089983669437,3.6007224726404043,2.7952640873819505,0.03326615732871647,2.7932435512656717
source_b,30.0,30.0,0.0,60.0,6.065306597126334,10.0,10.0,6.065306597126334,3.934693402873666,100,3.9346934028744815,4.895910172664401e-11,3.9346934028763823,0.6503737416429592,2.899896332335046,0.8541064523552808,4.585067144517441,2.8998963323823714,4.788799855232497,0.6531857011194684,2.903001687239773,0.9048801915991951,4.587343102734653,2.900932996064824,4.826306250079014,3.934157401615185,0.043337516764638574,3.9324635651456914
source_b,40.0,30.0,10.0,60.0,5.063356166481006,9.862071167439163,9.862071167439163,5.063356166481006,4.798715000958158,100,4.798715000955065,4.801617192811785e-11,4.798715000957646,0.722722812764954,2.9176953103367813,0.9447874395899272,5.521437813720018,2.917695310383177,5.743502440548015,0.7233303539224111,2.927464637199576,0.9886570656500657,5.5223909166788925,2.9220019193146562,5.7789390294028555,4.799060562756481,0.057393228610611885,4.796692881957351
source_b,50.0,30.0,20.0,60.0,4.111122905071874,9.459594689067654,9.459594689067654,4.111122905071874,5.348471783995779,100,5.348471783987061,4.583086365945297e-11,5.3484717839902,0.7484317975119781,2.9204969629949544,0.9259652993616034,6.096903581499039,2.920496963039177,6.274437083351879,0.7474656360923839,2.9346680246070784,0.9740066261816458,6.097037885187497,2.9266221220900106,6.297075344635114,5.349572249095113,0.06619641351826962,5.347616249966013
source_b,60.0,30.0,30.0,60.0,3.2465246735834974,8.824969025845954,8.824969025845954,3.2465246735834974,5.578444352262457,100,5.578444352247223,4.2520483854499015e-11,5.578444352252193,0.7679284025576686,2.903661718680221,1.016329917359735,6.346372754804891,2.903661718721041,6.594774269612369,0.7650817676427235,2.9235269410391096,1.0320489862001805,6.345616082536414,2.9121493821816515,6.608453429238315,5.58053431489369,0.07616774365652185,5.574031396998075
source_b,70.0,30.0,40.0,60.0,2.4935220877729622,8.00737402916808,8.00737402916808,2.4935220877729622,5.513851941395117,100,5.513851941372815,3.931768101103875e-11,5.513851941378382,0.7736234675813669,2.887141359560222,0.9920253715039835,6.287475408954181,2.8871413595975683,6.505877312883166,0.7690035088420052,2.9107173665479027,1.0368364738375968,6.285799463104365,2.8974518136194343,6.532437772329649,5.516795954262361,0.07931823413981162,5.510435645450981
source_b,80.0,30.0,50.0,60.0,1.8627046369770088,7.0664827785771624,7.0664827785771624,1.8627046369770088,5.203778141600154,100,5.20377814157146,3.5805116649198004e-11,5.203778141577228,0.758558235431388,2.862330042623259,0.9456568671525908,5.962336377002848,2.8623300426566236,6.149435008733734,0.7511857950287122,2.8890310188150967,0.9742677794121062,5.959109745334051,2.8744879157277667,6.165301930337055,5.2079239503053385,0.08120388998799605,5.199726420192936
source_b,90.0,30.0,60.0,60.0,1.353352832366127,6.065306597126334,6.065306597126334,1.353352832366127,4.7119537647602066,100,4.711953764726857,3.2707732928581115e-11,4.711953764733438,0.7871013227612373,2.8498217636181473,1.0130720394528785,5.499055087488094,2.8498217636479004,5.725025804187,0.7776324539344066,2.8788467965957083,0.9636404789000252,5.494397174504692,2.863956353366584,5.683528387771501,4.716764720570286,0.0792859544259514,4.707984406712875
